;Item;Patrimônio;Sit Física;Valor de Aquisição;Valor Bruto Atual;Descrição;Caracteristicas;;
;1;10;INSERVÍVEL;110;11;MESA PARA MAQUINA DE ESCREVER EM MADEIRA;CLARA COM 02 GAVETAS;;
;2;28;INSERVÍVEL;134,4;13,44;MESA PARA ESCRITORIO EM MADEIRA;CLARA COM 03 GAVETAS;BORTOLINI;
;3;93;INSERVÍVEL;145;14,5;ARQUIVO EM ACO;COR CINZA COM 04 GAVETAS;PANDIN;
;4;128;INSERVÍVEL;156,09;15,61;ARQUIVO EM ACO;COR CINZA COM 04 GAVETAS;PANDIN;
;5;179;INSERVÍVEL;89;8,9;POLTRONA FIXA EM TECIDO;COR VERMELHA COM ESTRUTURA EM METAL SOBRE LONGARINA;CADERODE;
;6;181;INSERVÍVEL;89;8,9;POLTRONA FIXA EM TECIDO;COR VERMELHA COM ESTRUTURA EM METAL SOBRE LONGARINA;CADERODE;
;7;182;INSERVÍVEL;89;8,9;POLTRONA FIXA EM TECIDO;COR VERMELHA COM ESTRUTURA EM METAL SOBRE LONGARINA;CADERODE;
;8;199;INSERVÍVEL;110;11;POLTRONA FIXA EM TECIDO;COR VERMELHA COM ESTRUTURA EM METAL SOBRE LONGARINA;CADERODE;
;9;200;INSERVÍVEL;110;11;POLTRONA FIXA EM TECIDO;COR VERMELHA COM ESTRUTURA EM METAL SOBRE LONGARINA;CADERODE;
;10;202;INSERVÍVEL;110;11;POLTRONA FIXA EM TECIDO;COR VERMELHA COM ESTRUTURA EM METAL SOBRE LONGARINA;CADERODE;
;11;219;INSERVÍVEL;89;8,9;POLTRONA FIXA EM TECIDO;COR VERMELHA COM ESTRUTURA EM METAL SOBRE LONGARINA;CADERODE;
;12;220;INSERVÍVEL;89;8,9;POLTRONA FIXA EM TECIDO;COR VERMELHA COM ESTRUTURA EM METAL SOBRE LONGARINA;CADERODE;
;13;221;INSERVÍVEL;89;8,9;POLTRONA FIXA EM TECIDO;COR VERMELHA COM ESTRUTURA EM METAL SOBRE LONGARINA;CADERODE;
;14;222;INSERVÍVEL;89;8,9;POLTRONA FIXA EM TECIDO;COR VERMELHA COM ESTRUTURA EM METAL SOBRE LONGARINA;CADERODE;
;15;225;INSERVÍVEL;110;11;POLTRONA FIXA EM TECIDO;COR VERMELHA COM ESTRUTURA EM METAL SOBRE LONGARINA;CADERODE;
;16;465;INSERVÍVEL;83;8,3;FURADEIRA ELETRICA PORTATIL;BOSCH - MODELO: SUPER HOBBY - SERIE: 87101788;;
;17;616;INSERVÍVEL;215;21,5;MESA PARA MICROCOMPUTADOR;COM ACABAMENTO EM LAMINADO MELAMINICO;;
;18;772;INSERVÍVEL;200;20;ESTANTE EM MADEIRA;CLARA COM 03 PRATELEIRAS E 02 PORTAS;;
;19;852;INSERVÍVEL;430;43;BALANCA DE PLATAFORMA;BALMAK - MODELO: 104 - SERIE: 4326;;
;20;1030;INSERVÍVEL;341;34,1;TELEVISOR EM CORES;14 POLEGADAS;SANYO - MODELO: CTP-3791 P - SERIE: 9806263883T031;
;21;1053;INSERVÍVEL;100;10;MESA DE CENTRO;CLARA COM 03 PRATELEIRAS;;
;22;1074;INSERVÍVEL;341;34,1;TELEVISOR EM CORES;14 POLEGADAS;SANYO - MODELO: CTP-3791P - SERIE: 9806266839T031;
;23;1230;INSERVÍVEL;93;9,3;GAVETEIRO VOLANTE EM MADEIRA;COM ACABAMENTO EM LAMINADO MELAMINICO COM 05 GAVETAS;;
;24;1411;INSERVÍVEL;141;14,1;MESA PARA ESCRITORIO EM MADEIRA;CLARA COM 03 GAVETAS;;
;25;1895;INSERVÍVEL;234;23,4;TELA PARA PROJECAO;REFLECTA;;
;26;2063;INSERVÍVEL;247;24,7;BEBEDOURO DE AGUA TIPO GARRAFAO;COR BEGE COM 02 TORNEIRAS;ESMALTEC - MODELO: GELAGUA - SERIE: 445654;
;27;2082;INSERVÍVEL;83,2;8,32;MESA PARA MAQUINA DE ESCREVER EM MADEIRA;CLARA COM 02 GAVETAS;;
;28;2110;INSERVÍVEL;380;38;FICHARIO EM ACO;COR CINZA COM 08 GAVETAS;WB;
;29;2111;INSERVÍVEL;380;38;FICHARIO EM ACO;COR CINZA COM 08 GAVETAS;WB;
;30;2112;INSERVÍVEL;380;38;FICHARIO EM ACO;COR CINZA COM 08 GAVETAS;WB;
;31;2150;INSERVÍVEL;380;38;FICHARIO EM ACO;COR CINZA COM 08 GAVETAS;WB;
;32;2158;INSERVÍVEL;190;19;FOGAO TIPO RESIDENCIAL;COR BRANCA COM 04 QUEIMADORES;ESMALTEC - MODELO: VERONA;
;33;2291;INSERVÍVEL;220;22;BOMBA PARA ABASTECIMENTO - GERADOR;MAC - MODELO: 80;;
;34;2292;INSERVÍVEL;180;18;EXTINTOR DE INCENDIO PQS;CAPACIDADE 04 QUILOS;;
;35;2464;INSERVÍVEL;259,68;25,97;BEBEDOURO DE AGUA TIPO GARRAFAO;COM 02 TORNEIRAS;IBBL - MODELO: 105GFNI - SERIE: 816A044387;
;36;2590;INSERVÍVEL;130;13;ARQUIVO EM ACO;COR CINZA COM 04 GAVETAS;PANDIN;
;37;2618;INSERVÍVEL;83,72;8,37;CADEIRA GIRATORIA EM TECIDO;COR PRETA COM ESTRUTURA EM METAL;;
;38;2652;INSERVÍVEL;399;39,9;REFRIGERADOR TIPO FRIGOBAR;CONSUL - SERIE: JF0998434;;
;39;2902;INSERVÍVEL;106;10,6;BANCO DE ESPERA EM PALHINA;C/ 03 LUGARES;CADERODE;
;40;2904;INSERVÍVEL;106;10,6;BANCO DE ESPERA EM PALHINA;C/ 03 LUGARES;CADERODE;
;41;2907;INSERVÍVEL;106;10,6;BANCO DE ESPERA EM PALHINA;C/ 03 LUGARES;CADERODE;
;42;3128;INSERVÍVEL;160;16;MESA PARA ESCRITORIO EM MADEIRA;DE LEI, TIPO SECRETÁRIA, C/ 03 GAVETAS, MED 1,30 X 0,70 X 0,74 M;;
;43;3133;INSERVÍVEL;160;16;MESA PARA ESCRITORIO EM MADEIRA;DE LEI, TIPO SECRETARIA C/ 3 GAVETAS MED 1,30X0,70X0,74M;;
;44;3135;INSERVÍVEL;160;16;MESA PARA ESCRITORIO EM MADEIRA;DE LEI, TIPO SECRETÁRIA, C/ 03 GAVETAS, MED 1,30 X 0,70 X 0,74 M;;
;45;3136;INSERVÍVEL;160;16;MESA PARA ESCRITORIO EM MADEIRA;DE LEI, TIPO SECRETÁRIA, C/ 03 GAVETAS, MED 1,30 X 0,70 X 0,74 M;;
;46;3256;INSERVÍVEL;3499;349,9;PAINEL ELETRONICO;COM IMPRESSORA PARA SENHA(SÉRIE: 2499010708419) - SERIE: SMJ010807CODIL-01;;
;47;3328;INSERVÍVEL;100;10;MESA PARA ESCRITORIO EM MADEIRA;C/ 02 GAVETAS;;
;48;3350;INSERVÍVEL;190;19;MESA PARA ESCRITORIO EM MADEIRA;TIPO ESCRIVANINHA;;
;49;3388;INSERVÍVEL;180;18;EXTINTOR DE INCENDIO CO2;de 6 k - SERIE: 160P T;;
;50;3390;INSERVÍVEL;180;18;EXTINTOR DE INCENDIO CO2;DE 06 K - SERIE: N767 T;;
;51;3403;INSERVÍVEL;3543;354,3;GRUPO GERADOR PORTATIL;A GASOLINA;COLEMAN - MODELO: 65-5000 - SERIE: 85961501;
;52;3449;INSERVÍVEL;1850;185;MINI-CENTRAL DE AR CONDICIONADO;SPLIT DE 12000 BTU´S;SPRINGER - SERIE: 4200B49006;
;53;3513;INSERVÍVEL;280;28;ARMARIO PARA COZINHA EM MADEIRA;DE LEI, TRABALHADO, C/PRATELEIRAS INTERNAS, MED 0,50X2,08X0,40M;;
;54;3518;INSERVÍVEL;1741,5;174,15;CONDICIONADOR DE AR DE PAREDE;DE 30000BTUS;SPRINGER - SERIE: 2102B12845;
;55;3528;INSERVÍVEL;1925;192,5;CONDICIONADOR DE AR DE PAREDE;30000 BTUS 220V;SPRINGER - SERIE: 1702B25315;
;56;3548;INSERVÍVEL;400;40;ESTANTE EM MADEIRA;DE LEI;;
;57;3735;INSERVÍVEL;190;19;MESA PARA ESCRITORIO EM MADEIRA;MEDINDO 1,25MX0,70MX0,74M COM 3 GAVETAS;;
;58;3829;INSERVÍVEL;1170;117;HUB-CONCENTRADOR DE COMUNICACAO COM 12 PORTAS;CONECTOR 145 110X220;3COM - SERIE: 0100/LT1G028828;
;59;3870;INSERVÍVEL;1185;118,5;TELEVISOR EM CORES;29 POLEGADAS/ CONTROLES;CCE - SERIE: 00110352;
;60;3871;INSERVÍVEL;1185;118,5;TELEVISOR EM CORES;29 POLEGADAS/ CONTROLES;CCE - SERIE: 00116112;
;61;3876;INSERVÍVEL;1185;118,5;TELEVISOR EM CORES;29 POLEGADAS/ CONTROLES;CCE - SERIE: 00199092;
;62;3901;INSERVÍVEL;526;52,6;APARELHO DE VIDEO CASSETE;DE 4 CABEÇAS C/ CONTROLE;LG - MODELO: EC-971B - SERIE: 00892;
;63;3904;INSERVÍVEL;526;52,6;APARELHO DE VIDEO CASSETE;DE 4 CABEÇAS C/ CONTROLE;LG - MODELO: EC-971B - SERIE: 000864;
;64;3909;INSERVÍVEL;526;52,6;APARELHO DE VIDEO CASSETE;DE 4 CABEÇAS C/ CONTROLE;LG - MODELO: EC-971B - SERIE: 00847;
;65;3911;INSERVÍVEL;1170;117;HUB-CONCENTRADOR DE COMUNICACAO COM 12 PORTAS;CONECTOR RJ45;SONY - SERIE: 0100/LT1G028146;
;66;3913;INSERVÍVEL;248;24,8;ARMARIO ALTO EM ACO;COM 2 PORTAS COM PRATELEIRAS INTERNAS REFORÇADAS, MED APROX 200X0,40X1,00, COR CINZA;WCM;
;67;3977;INSERVÍVEL;1650;165;CONDICIONADOR DE AR DE PAREDE;DE 30000 BETUS 220 WATS;SPRINGER - SERIE: 430B301124;
;68;4013;INSERVÍVEL;263;26,3;SCANNER DE MESA;EASYSCAN 450P,19200DPI;NETRIX - MODELO: 38BR - SERIE: 205PX05495;
;69;4038;INSERVÍVEL;8074,47;807,45;CPU DO SERVIDOR E SERVER 342 PIII;IBM - SERIE: 78LVL75;;
;70;4039;INSERVÍVEL;4935,7;493,57;SWITCH SERVER;KVM;IBM - SERIE: 2309959;
;71;4043;INSERVÍVEL;20500;2050;IMPRESSORA JATO DE TINTA;TIPO PLOTTER PRÓPRIA PARA PARA DESENHOS DE ARQUITETURA, ENGENHARIA E MECÂNICA MEMÓRIA PADRÃO 16MB RESOLUÇÃO MÁXIMA 1200 X 600 DPI DIMENSÕES (LARGURA X ALTURA X PROFUNDIDADE): 1690 X 1100 X 674 MM;HP - MODELO: 500 - SERIE: SG24532087;
;72;4094;INSERVÍVEL;200;20;CADEIRA GIRATORIA EM TECIDO;COM BRAÇO, COR AZUL;ERGOFLEX - MODELO: 5003;
;73;4120;INSERVÍVEL;200;20;CADEIRA GIRATORIA EM TECIDO;COM BRAÇO, COR AZUL;ERGOFLEX - MODELO: 5003;
;74;4124;INSERVÍVEL;200;20;CADEIRA GIRATORIA EM TECIDO;COM BRAÇO, COR AZUL;ERGOFLEX - MODELO: 5003;
;75;4125;INSERVÍVEL;200;20;CADEIRA GIRATORIA EM TECIDO;COM BRAÇO, COR AZUL;ERGOFLEX - MODELO: 5003;
;76;4142;INSERVÍVEL;97;9,7;MESA PARA MICROCOMPUTADOR;COM TAMPO DE AGLORAMERADO REVEST EM MELAMINIO C/REG DE ALT DA BASE P/TEC, TAMPO MED 0,90X0,70X0,75M;CADERODE - MODELO: 1516;
;77;4150;INSERVÍVEL;97;9,7;MESA PARA MICROCOMPUTADOR;COM TAMPO DE AGLORAMERADO REVEST EM MELAMINIO C/REG DE ALT DA BASE P/TEC, TAMPO MED 0,90X0,70X0,75M;CADERODE - MODELO: 1516;
;78;4158;INSERVÍVEL;97;9,7;MESA PARA MICROCOMPUTADOR;COM TAMPO DE AGLORAMERADO REVEST EM MELAMINIO C/REG DE ALT DA BASE P/TEC, TAMPO MED 0,90X0,70X0,75M;CADERODE - MODELO: 1516;
;79;4164;INSERVÍVEL;1833,33;183,33;CONDICIONADOR DE AR DE PAREDE;30000 BTUS;SPRINGER - SERIE: 033B10975;
;80;4231;INSERVÍVEL;230;23;RACK EM ACO PARA HUB;PORTA EM ACRÍLICO, DE PAREDE, PARA HUB DE PORTAS;;
;81;4291;INSERVÍVEL;633;63,3;REFRIGERADOR TIPO RESIDENCIAL;CONSUL - SERIE: JF3273309;;
;82;4299;INSERVÍVEL;210;21;ARMARIO SUSPENSO EM MADEIRA;EM MADEIRA DE LEI, MEDINDO 0,60X1,51X0,40M;;
;83;4311;INSERVÍVEL;862,5;86,25;MESA PARA ESCRITORIO EM MADEIRA;EM CURVA COM 6 GAVETAS MEDINDO 1,50X232 CM DE COMPRIMENTO;;
;84;4317;INSERVÍVEL;620;62;MESA PARA REUNIAO  EM MELAMINIO;FORMATO OVAL , MEDINDO 2,30X1,20X0,74M NA CINZA;;
;85;4411;INSERVÍVEL;120;12;MALETA PARA DOCUMENTOS;PRINCE;;
;86;4450;INSERVÍVEL;228;22,8;CALCULADORA  PROFISSIONAL DE MESA;COM VISOR, FITA E BOBINA, VISOR DE CRISTAL LIQUIDO COM NUMEROS GRANDES, CALCULOS DE PORCENTAGEM;SHARP - MODELO: EL-1801P - SERIE: 3D063245;
;87;4454;INSERVÍVEL;228;22,8;CALCULADORA  PROFISSIONAL DE MESA;COM VISOR, FITA E BOBINA, VISOR DE CRISTAL LIQUIDO COM NUMEROS GRANDES, CALCULOS DE PORCENTAGEM;SHARP - MODELO: EL-1801P - SERIE: 3D05335Y;
;88;4457;INSERVÍVEL;228;22,8;CALCULADORA  PROFISSIONAL DE MESA;COM VISOR, FITA E BOBINA, VISOR DE CRISTAL LIQUIDO COM NUMEROS GRANDES, CALCULOS DE PORCENTAGEM;SHARP - MODELO: EL-1801P - SERIE: 3D05333Y;
;89;4496;INSERVÍVEL;228;22,8;MESA PARA MICROCOMPUTADOR;EM MELAMÍNIO, MEDINDO 1,60 X 0,68 X 074 M;;
;90;4565;INSERVÍVEL;500;50;MESA PARA ESCRITORIO EM MADEIRA;MAÇICA MEDINDO 160X76X74 COM 6 GAVETAS;LUDNA;
;91;4633;INSERVÍVEL;235;23,5;ARQUIVO EM ACO;COM 4 GAVETAS;PANDIM;
;92;4647;INSERVÍVEL;398;39,8;NO BREAK ;1200 VA NET STATION;SMS - SERIE: 008399-B;
;93;4659;INSERVÍVEL;1662,5;166,25;CONDICIONADOR DE AR DE PAREDE;21000 BTUS;SPRINGER - SERIE: S2304B08759;
;94;4660;INSERVÍVEL;1662,5;166,25;CONDICIONADOR DE AR DE PAREDE;21000 BTUS;SPRINGER - SERIE: S2304B08761;
;95;4665;INSERVÍVEL;1662,5;166,25;CONDICIONADOR DE AR DE PAREDE;21000 BTUS;SPRINGER - SERIE: S2304B08647;
;96;4880;INSERVÍVEL;360;36;ARMARIO ALTO EM  MELAMINIO;COM 2 PORTAS MEDINDO 1,60X40X100;;
;97;4881;INSERVÍVEL;360;36;ARMARIO ALTO EM  MELAMINIO;COM 2 PORTAS MEDINDO 1,60X40X100;;
;98;4889;INSERVÍVEL;1149,09;114,91;ESTANTE EM ACO;COM 5 PRATELEIRAS, MED 3,00X0,60X16M;;
;99;4892;INSERVÍVEL;104;10,4;EXTINTOR DE INCENDIO PÓ QUÍMICO PRESSURIZADO;4 KG;;
;100;4894;INSERVÍVEL;1149,09;114,91;ESTANTE EM ACO;COM 5 PRATELEIRAS, MED 3,00X0,60X16M;;
;101;4923;INSERVÍVEL;132,22;13,22;CARRINHO COM BANDEIJA PLÁSTICA;ESTRUTURA EM AÇO NA COR PRETA;;
;102;4945;INSERVÍVEL;700;70;DVD PLAYER;COBY - MODELO: DVD-218 - SERIE: 1233143439;;
;103;4965;INSERVÍVEL;492,52;49,25;BANCADA DE TRABALHO ;COM 3,00X0,50X0,82CM, RODÍZIO COM FREIOS, 16 TOMADAS FÊMEAS BIPOLAR E CABO COM TOMADA;;
;104;5002;INSERVÍVEL;247;24,7;ARMARIO ALTO EM  MELAMINIO;COM DUAS PORTAS NA COR CINZA - MEDINDO 0,90X0,44X1,60M;GIOBEL;
;105;5026;INSERVÍVEL;98;9,8;SECADOR DE CABELO PORTATIL;DAIHATSU - MODELO: TAIFF TURBO;;
;106;5045;INSERVÍVEL;169;16,9;MESA PARA MICROCOMPUTADOR;EM MELAMINIO, MED 1,70X0,68X0,75;GIOBEL;
;107;5048;INSERVÍVEL;694;694;APARELHO DE FAX;PANASONIC - MODELO: KX-FT71LA-B - SERIE: 4DBBA291130;;
;108;5049;INSERVÍVEL;694;694;APARELHO DE FAX;PANASONIC - MODELO: KX-FT71LA-B - SERIE: 4DBBA292264;;
;109;5052;INSERVÍVEL;694;694;APARELHO DE FAX;PANASONIC - MODELO: KX-FT71LA-B - SERIE: 4DBBA285337;;
;110;5056;INSERVÍVEL;694;694;APARELHO DE FAX;PANASONIC - MODELO: KX-FT71LA-B - SERIE: 4DBBA292435;;
;111;5267;INSERVÍVEL;594,97;59,5;MOTO BOMBA CENTRIFUGA;MONO-ESTÁGIO 1 1/2 CV/220V, SUCCÃO 11/4 E CHAVE DE COMANDO 1 1/2CV 220V;SCHNEIDER - MODELO: BC-92S HB - SERIE: 85070725300010;
;112;5273;INSERVÍVEL;240;24;MESA PARA MICROCOMPUTADOR;EM MADEIRA MEDINDO 120X075X060 COM 01 GAVETA PARA TECLADO;;
;113;5330;INSERVÍVEL;225;22,5;EXTINTOR DE INCENDIO CO2;COM 6 KG;;
;114;5331;INSERVÍVEL;225;22,5;EXTINTOR DE INCENDIO CO2;COM 6 KG;;
;115;5507;INSERVÍVEL;273,09;27,31;CADEIRA  GIRATÓRIA S/BRAÇOS;COM ASSENTO E ENCOSTO EM ESPUMA;;
;116;5509;INSERVÍVEL;273,09;27,31;CADEIRA  GIRATÓRIA S/BRAÇOS;COM ASSENTO E ENCOSTO EM ESPUMA;;
;117;5521;INSERVÍVEL;131,03;13,1;CADEIRA FIXA S/BRAÇO;COM ASSENTO E ENCOSTO EM ESPUMA INJETÁVEL;;
;118;5526;INSERVÍVEL;131,03;13,1;CADEIRA FIXA S/BRAÇO;COM ASSENTO E ENCOSTO EM ESPUMA INJETÁVEL;;
;119;5612;INSERVÍVEL;267,2;26,72;POLTRONA FIXA COM BRAÇO;;;
;120;5626;INSERVÍVEL;511,86;51,19;MESA PARA REUNIÃO;EM FORMA REDONDA;;
;121;5630;INSERVÍVEL;2500;250;MESA INTEGRADA;COM PAINEL FRONTAL E HORIZONTAL COM 4 SUPORTES PARA CPU;;
;122;5740;INSERVÍVEL;370,2;37,02;POLTRONA FIXA EM COURO SINTETICO SOBRE LONGARINA;;;
;123;5741;INSERVÍVEL;370,2;37,02;POLTRONA FIXA EM COURO SINTETICO SOBRE LONGARINA;;;
;124;5760;INSERVÍVEL;370,2;37,02;POLTRONA FIXA EM COURO SINTETICO SOBRE LONGARINA;;;
;125;5761;INSERVÍVEL;370,2;37,02;POLTRONA FIXA EM COURO SINTETICO SOBRE LONGARINA;;;
;126;5762;INSERVÍVEL;370,2;37,02;POLTRONA FIXA EM COURO SINTETICO SOBRE LONGARINA;;;
;127;5763;INSERVÍVEL;370,2;37,02;POLTRONA FIXA EM COURO SINTETICO SOBRE LONGARINA;;;
;128;5790;INSERVÍVEL;773,94;77,39;BANCADA DE TRABALHO ;ESTRUTURA METALICA NA COR PRETA, COM TAMPO EM MELAMINIO BRANCO GELO, MED 2,75X0,50X0,82, COM RODÍZIOS;;
;129;5807;INSERVÍVEL;1000;100;MESA EM MELAMINIO;;;
;130;5809;INSERVÍVEL;5310,02;531;MESA INTEGRADA;TIPO U, COM 2 SUPORTES PARA CPU;;
;131;5887;INSERVÍVEL;340;34;CADEIRA GIRATORIA EM TECIDO;NA COR AZUL MARINH0;CADERODE - MODELO: 5012-03 + 5021;
;132;5892;INSERVÍVEL;340;34;CADEIRA GIRATORIA EM TECIDO;NA COR AZUL MARINH0;CADERODE - MODELO: 5012-03 + 5021;
;133;5906;INSERVÍVEL;340;34;CADEIRA GIRATORIA EM TECIDO;NA COR AZUL MARINH0;CADERODE - MODELO: 5012-03 + 5021;
;134;5938;INSERVÍVEL;500;50;BALCAO EM MADEIRA;MACIÇA MEDINDO 3,95 X1,30X0,60M;;
;135;5947;INSERVÍVEL;690;69;FOGAO TIPO RESIDENCIAL;COM COM 04 BOCAS;CONTINENTAL;
;136;5975;INSERVÍVEL;260;26;MOTO BOMBA CENTRIFUGA;1/2 CV COM SAÍDA 3/4;THEBE;
;137;5992;INSERVÍVEL;261,38;26,14;EXTINTOR DE INCENDIO CO2;6 KG;;
;138;6000;INSERVÍVEL;200;20;PRATELEIRA COM TAMPA;EM MADEIRA ESTRUTURA DE FERRO, COM SUPORTE E MÃO-DE-FORCA, INSTALADA A PARTIR 2 METROS DE ALTURA DO CHÃO, PROFUNDIDADE DE 40 CM, ALTURA DE 50 CM CADA UMA, 1 (UMA) PARTE DE 3 METROS E 1(UMA) PARTE DE 4 METROS;;
;139;6001;INSERVÍVEL;200;20;PRATELEIRA COM TAMPA;EM MADEIRA ESTRUTURA DE FERRO, COM SUPORTE E MÃO-DE-FORCA, INSTALADA A PARTIR 2 METROS DE ALTURA DO CHÃO, PROFUNDIDADE DE 40 CM, ALTURA DE 50 CM CADA UMA, 1 (UMA) PARTE DE 3 METROS E 1(UMA) PARTE DE 4 METROS;;
;140;6002;INSERVÍVEL;1248;124,8;CONDICIONADOR DE AR DE PAREDE;10000BTUS DE 220WATS;SPRINGER - MODELO: MCA105BB - SERIE: 2705897652;
;141;6003;INSERVÍVEL;1248;124,8;CONDICIONADOR DE AR DE PAREDE;10000BTUS DE 220WATS;SPRINGER - MODELO: MCA105BB - SERIE: 2405897641;
;142;6066;INSERVÍVEL;241,88;24,19;MONITOR DE VIDEO POLICROMATICO;IBM - SERIE: VG-32809;;
;143;6070;INSERVÍVEL;199,92;19,99;TECLADO PARA MICROCOMPUTADOR;IBM - SERIE: 0138775;;
;144;6159;INSERVÍVEL;2869,5;286,95;MICROCOMPUTADOR COM PROCESSADOR PENTIUM IV;IBM - SERIE: L1AK6DK;;
;145;6205;INSERVÍVEL;150;15;MONITOR DE VIDEO POLICROMATICO;IBM - SERIE: VR09028;;
;146;6307;INSERVÍVEL;523;52,3;DVD PLAYER;PORTÁTIL;GRADIENTE - MODELO: DT-320 - SERIE: 57U266729A5K;
;147;6308;INSERVÍVEL;656,01;656,01;ROTEADOR PARA REDES;DIGITEL - MODELO: 2G 3201 - SERIE: 7802606;;
;148;6315;INSERVÍVEL;364;36,4;GAVETEIRO VOLANTE EM MELAMINIO;COM 3 GAVETAS / CHAVES NA COR CINZA;CADERODE;
;149;6323;INSERVÍVEL;2500;250;TELEVISOR EM CORES;34 POLEGADAS;SONY - MODELO: KV-34FS110 - SERIE: 3002026;
;150;6328;INSERVÍVEL;3495,32;349,53;SWITCH  ;CISCO - MODELO: 2950T - SERIE: FOC1002Z349;;
;151;6369;INSERVÍVEL;259;259;DVD PLAYER;GRADIENTE - MODELO: D-203 - SERIE: 25U289925H6E;;
;152;6379;INSERVÍVEL;1746;1746;APARELHO DE GPS (SISTEMA DE POSICIONAMENTO GLOBAL);NR SÉRIE 74969798;GARMIN - MODELO: MAP 60CSX;
;153;6399;INSERVÍVEL;4035;4035;BALCAO PARA ATENDIMENTO;EM MELAMINIO COM PAINÉIS 1,20 X0,73M 1MEDINDO 0,90X1,08M   COM DOIS  MÓDULOS;;
;154;6400;INSERVÍVEL;4035;4035;BALCAO PARA ATENDIMENTO;EM MELAMINIO COM PAINÉIS 1,20 X0,73M 1MEDINDO 0,90X1,08M   -   COM  DOIS  MÓDULOS  ;;
;155;6463;BOM;1435,25;1435,25;MINI-CENTRAL DE AR CONDICIONADO;TIPO SPLIT, CAPACIDADE 12000 BTUS;SPRINGER - MODELO: SILENTIA - SERIE: S2906B92329;
;156;6464;INSERVÍVEL;1435,25;1435,25;MINI-CENTRAL DE AR CONDICIONADO;TIPO SPLIT, CAPACIDADE 12000 BTUS;SPRINGER - MODELO: SILENTIA - SERIE: S2906B92397;
;157;6468;INSERVÍVEL;408,42;408,42;APARELHO DE FAX;- PAPEL PLANO;BROTHER - MODELO: FAX-575 - SERIE: B6K957759;
;158;6496;INSERVÍVEL;84;84;CADEIRA FIXA EM TECIDO;NA COR AZUL MARINHO;SUL BASES - MODELO: ANATÔMICA;
;159;6500;INSERVÍVEL;223;223;POLTRONA FIXA EM TECIDO SOBRE LONGARINA;NA COR AZUL MARINHO;;
;160;6503;INSERVÍVEL;223;223;POLTRONA FIXA EM TECIDO SOBRE LONGARINA;NA COR AZUL MARINHO;;
;161;6536;INSERVÍVEL;728,06;72,81;MONITOR LCD - CRISTAL LIQUIDO;17 POLEGADAS;AOC - SERIE: T7P71904926;
;162;6541;INSERVÍVEL;728,06;72,81;MONITOR LCD - CRISTAL LIQUIDO;17 POLEGADAS;AOC - SERIE: T7CP71A902516;
;163;6545;INSERVÍVEL;728,06;72,81;MONITOR LCD - CRISTAL LIQUIDO;17 POLEGADAS;AOC - MODELO: LM722 - SERIE: T7CP71A904800;
;164;6548;INSERVÍVEL;728,06;72,81;MONITOR LCD - CRISTAL LIQUIDO;17 POLEGADAS;AOC - MODELO: LM722 - SERIE: T7CP71A904641;
;165;6550;INSERVÍVEL;728,06;72,81;MONITOR LCD - CRISTAL LIQUIDO;17 POLEGADAS;AOC - MODELO: LM722 - SERIE: T7CP71A902841;
;166;6551;INSERVÍVEL;728,06;72,81;MONITOR LCD - CRISTAL LIQUIDO;17 POLEGADAS;AOC - MODELO: LM722 - SERIE: T7CP71A904492;
;167;6576;INSERVÍVEL;2400;2400;NO BREAK ;3KVA/ 18 KW PARA RACK 19;APC - MODELO: SURTA 3000XL - SERIE: JS0646014603;
;168;6579;INSERVÍVEL;2400;2400;NO BREAK ;3KVA/ 18 KW PARA RACK 19;APC - MODELO: SURTA 3000XL - SERIE: JS0646014605;
;169;6581;INSERVÍVEL;394;394;RECEPTOR DE MICROFONE;SISTEMA WIRELESS MICROPHONE SYSTEM;KARSECT - MODELO: KRU-302 - SERIE: KRU302070306577;
;170;6583;INSERVÍVEL;350;350;CAIXA ACUSTICA;DE 75 W;FRAHM - MODELO: PS 500;
;171;6584;INSERVÍVEL;350;350;CAIXA ACUSTICA;DE 75 W;FRAHM - MODELO: PS 500;
;172;6595;INSERVÍVEL;1248;1248;ESTAÇÃO DE TRABALHO C/ UM MÓDULO - TIPO SECRETÁRIO;MEDINDO 135 X 135 X 060 X 060 X 074CM;MOBRAN - MODELO: SECRETÁRIO;
;173;6652;INSERVÍVEL;1150;1150;ARMARIO ALTO - C/ DUAS PORTAS DE CORRER;MEDINDO 090CM DE LARG, 050CM DE PROF E 163CM DE ALTURA;MOBRAN - MODELO: PADRÃO;
;174;6810;INSERVÍVEL;150;150;MICROFONE SEM FIO;SISTEMA WIRELESS MICROPHONE SYSTEM;KARSECT - MODELO: KST-5U - SERIE: KST5U070306577/1;
;175;6811;INSERVÍVEL;150;150;MICROFONE SEM FIO;SISTEMA WIRELESS MICROPHONE SYSTEM;KARSECT - MODELO: KST-5U - SERIE: KST5U070306577/2;
;176;6814;INSERVÍVEL;880;880;CÂMERA FOTOGRÁFICA DIGITAL;72 MEGA PIXELS, COM ZOOM ÓPTICO 3X E MONITOR DE LCD DE 20;SONY - MODELO: CYBER-SHOT DSC-S650 - SERIE: S01-0248275-E;
;177;6815;INSERVÍVEL;880;880;CÂMERA FOTOGRÁFICA DIGITAL;72 MEGA PIXELS, COM ZOOM ÓPTICO 3X E MONITOR DE LCD DE 20;SONY - MODELO: CYBER-SHOT DSC-S650 - SERIE: S01-024874-E;
;178;6834;INSERVÍVEL;1289;1289;CONDICIONADOR DE AR DE PAREDE;DE 21000 BETUS;GREE - MODELO: GJ21 - SERIE: 143347000894;
;179;6837;INSERVÍVEL;1289;1289;CONDICIONADOR DE AR DE PAREDE;DE 21000 BETUS;GREE - MODELO: GJ21 - SERIE: 1433460002395;
;180;6844;INSERVÍVEL;2437,6;2437,6;MINI-CENTRAL DE AR CONDICIONADO;DE 30000 BTÚS CONDENSADORA    SÉRIE-471965;HITACHI - MODELO: SPLIT - SERIE: 150013;
;181;6851;INSERVÍVEL;775;775;BANCADA DE TRABALHO ;EM MADEIRA C/ ESTRUTURA EM AÇO MEDINDO 3 METROS NA COR BRANCA COM 16 TOMADAS FEMEAS;;
;182;6852;INSERVÍVEL;775;775;BANCADA DE TRABALHO ;EM MADEIRA C/ ESTRUTURA EM AÇO MEDINDO 3 METROS NA COR BRANCA COM 16 TOMADAS FEMEAS;;
;183;6854;INSERVÍVEL;775;775;BANCADA DE TRABALHO ;EM MADEIRA C/ ESTRUTURA EM AÇO MEDINDO 3 METROS NA COR BRANCA COM 16 TOMADAS FEMEAS;;
;184;6855;INSERVÍVEL;775;775;BANCADA DE TRABALHO ;EM MADEIRA C/ ESTRUTURA EM AÇO MEDINDO 3 METROS NA COR BRANCA COM 16 TOMADAS FEMEAS;;
;185;6856;INSERVÍVEL;775;775;BANCADA DE TRABALHO ;EM MADEIRA C/ ESTRUTURA EM AÇO MEDINDO 3 METROS NA COR BRANCA COM 16 TOMADAS FEMEAS;;
;186;6857;INSERVÍVEL;775;775;BANCADA DE TRABALHO ;EM MADEIRA C/ ESTRUTURA EM AÇO MEDINDO 3 METROS NA COR BRANCA COM 16 TOMADAS FEMEAS;;
;187;6858;INSERVÍVEL;775;775;BANCADA DE TRABALHO ;EM MADEIRA C/ ESTRUTURA EM AÇO MEDINDO 3 METROS NA COR BRANCA COM 16 TOMADAS FEMEAS;;
;188;6967;INSERVÍVEL;229;229;CINZEIRO LIXEIRA;INOX MEDINDO 0,30 CM DIAMETRO X 0,70 CM ALTURA ;MITRA;
;189;6968;INSERVÍVEL;229;229;CINZEIRO LIXEIRA;INOX MEDINDO 0,30 CM DIAMETRO X 0,70 CM ALTURA ;MITRA;
;190;6976;INSERVÍVEL;789;789;BANCADA DE TRABALHO ;PARA SUPORTE DE URNAS ELETRÔNICAS;;
;191;6979;INSERVÍVEL;789;789;BANCADA DE TRABALHO ;PARA SUPORTE DE URNAS ELETRÔNICAS;;
;192;6984;INSERVÍVEL;789;789;BANCADA DE TRABALHO ;PARA SUPORTE DE URNAS ELETRÔNICAS;;
;193;7044;INSERVÍVEL;564;112,8;HEADSET APARELHO  COM FONE DE OUVIDO E MICROFONE;SEM FIO 24 GHZ;PLANTRONICS - MODELO: CT 12 - SERIE: 74052541;
;194;7045;INSERVÍVEL;564;112,8;HEADSET APARELHO  COM FONE DE OUVIDO E MICROFONE;SEM FIO 24 GHZ;PLANTRONICS - MODELO: CT 12 - SERIE: 74052987;
;195;7046;INSERVÍVEL;564;112,8;HEADSET APARELHO  COM FONE DE OUVIDO E MICROFONE;SEM FIO 24 GHZ;PLANTRONICS - MODELO: CT 12 - SERIE: 74054438;
;196;7052;INSERVÍVEL;600;120;APARELHO DE FAX;PAPEL A4;BROTHER - MODELO: FAX-575 - SERIE: U61361L7K900370;
;197;7053;INSERVÍVEL;151,8;151,8;DVD PLAYER;COM CONTROLE;CCE - MODELO: 700USX - SERIE: JMC3688FGTNI00GBA;
;198;7073;INSERVÍVEL;1500;150;MESA DIGITAL;DE 6X8;WACUM - MODELO: GTE-650 - SERIE: 71P000714;
;199;7079;INSERVÍVEL;1289;1289;CONDICIONADOR DE AR DE PAREDE;21000 BTU´S, TENSÃO 220 V;GREE - SERIE: 1433460002386;
;200;7097;INSERVÍVEL;2245;2245;PROJETOR MULTIMIDIA;RESOLUÇÃO NATIVA XGA (1024 X 768);EPSON - MODELO: EMP-X5 - SERIE: JX8F822302L;
;201;7102;INSERVÍVEL;248,16;24,82;SCANNER DE MESA;FOTOGRÁFICO SCANJET;HP - MODELO: G2710 - SERIE: CN82PA52RW;
;202;7103;INSERVÍVEL;248,16;24,82;SCANNER DE MESA;FOTOGRÁFICO SCANJET;HP - MODELO: G2710 - SERIE: CN82RA53SY;
;203;7115;INSERVÍVEL;90;18;HEADSET APARELHO  COM FONE DE OUVIDO E MICROFONE;MELCOM - MODELO: ST-P101A - SERIE: 2007048812;;
;204;7160;INSERVÍVEL;274;27,4;MODEM ;EXTERNO 56K;TRELLIS - MODELO: M56K - SERIE: 773559-8;
;205;7185;INSERVÍVEL;264,62;264,62;POLTRONA GIRATORIA EM COURVIM;TIPO DIRETOR, COM BRAÇOS, ESPALDAR MÉDIO;;
;206;7187;INSERVÍVEL;239,04;239,04;POLTRONA GIRATORIA EM COURVIM;COM BRAÇOS, ESPALDAR MÉDIO, COR PRETA;;
;207;7191;INSERVÍVEL;239,04;239,04;POLTRONA GIRATORIA EM COURVIM;COM BRAÇOS, ESPALDAR MÉDIO, COR PRETA;;
;208;7192;INSERVÍVEL;239,04;239,04;POLTRONA GIRATORIA EM COURVIM;COM BRAÇOS, ESPALDAR MÉDIO, COR PRETA;;
;209;7194;INSERVÍVEL;239,04;239,04;POLTRONA GIRATORIA EM COURVIM;COM BRAÇOS, ESPALDAR MÉDIO, COR PRETA;;
;210;7215;INSERVÍVEL;564,99;564,99;ARMÁRIO ALTO EXECUTIVO  - C/ DUAS PORTAS DE CORRER;MEDINDO 90X50X163;ADATTARE - MODELO: ADATTARE;
;211;7246;INSERVÍVEL;5140,56;5140,56;BALCAO DE ATENDIMENTO - EM MDF SOB MEDIDA;BALCÃO DE ATENDIMENTO;MOBILE - MODELO: MOBILE;
;212;7248;INSERVÍVEL;100;100;SUPORTE SUPORTE PARA CPU;SUPORTE PARA CPU;MOBILE - MODELO: MOBILE;
;213;7249;INSERVÍVEL;100;100;SUPORTE SUPORTE PARA CPU;SUPORTE PARA CPU;MOBILE - MODELO: MOBILE;
;214;7265;INSERVÍVEL;2375,99;2375,99;MINI-CENTRAL DE AR CONDICIONADO;30000 BTUS;ELECTROLUX - SERIE: 80614403;
;215;7272;INSERVÍVEL;379,9;40,75;CÂMERA FOTOGRÁFICA DIGITAL;81 MEGAPIXELS, ZOOM ÓPTICO 3X, LCD 2,4 ;SAMSUNG - MODELO: S860 - SERIE: A07DC90Q703666D;
;216;7273;INSERVÍVEL;379,9;40,75;CÂMERA FOTOGRÁFICA DIGITAL;81 MEGAPIXELS, ZOOM ÓPTICO 3X, LCD 2,4 ;SAMSUNG - MODELO: S860 - SERIE: A08AC90Q709728T;
;217;7275;INSERVÍVEL;379,9;40,75;CÂMERA FOTOGRÁFICA DIGITAL;81 MEGAPIXELS, ZOOM ÓPTICO 3X, LCD 2,4 ;SAMSUNG - MODELO: S860 - SERIE: A08AC90Q707618R;
;218;7277;INSERVÍVEL;379,9;40,75;CÂMERA FOTOGRÁFICA DIGITAL;81 MEGAPIXELS, ZOOM ÓPTICO 3X, LCD 2,4 ;SAMSUNG - MODELO: S860 - SERIE: A07DC90Q703386E;
;219;7279;INSERVÍVEL;379,9;40,75;CÂMERA FOTOGRÁFICA DIGITAL;81 MEGAPIXELS, ZOOM ÓPTICO 3X, LCD 2,4 ;SAMSUNG - MODELO: S860 - SERIE: A08AC90Q709696L;
;220;7296;INSERVÍVEL;1029,99;1029,99;MINI-CENTRAL DE AR CONDICIONADO;MINI-CENTRAL DE AR CONDICIONADO SPLIT, 12000 BTUS KOS 12 FC-G2B;KOMECO - MODELO: SPLIT - SERIE: C101001240907A121206;
;221;7346;INSERVÍVEL;586;66,8;NO BREAK ;14 KVA;SMS - MODELO: NET4+ - SERIE: 272510008730;
;222;7393;INSERVÍVEL;1918,4;191,84;MICROCOMPUTADOR COM PROCESSADOR;INTEL CORE 2 DUO E6750 (266 GHZ), 2 GB DE MEMÓRIA RAM , DISCO RÍGIDO 160GB;LENOVO - MODELO: THINKCENTRE M57P - SERIE: L1AK2RD;
;223;7394;INSERVÍVEL;1918,4;191,84;MICROCOMPUTADOR COM PROCESSADOR;INTEL CORE 2 DUO E6750 (266 GHZ), 2 GB DE MEMÓRIA RAM , DISCO RÍGIDO 160GB;LENOVO - MODELO: THINKCENTRE M57P - SERIE: L1AK0YT;
;224;7399;INSERVÍVEL;1918,4;191,84;MICROCOMPUTADOR COM PROCESSADOR;INTEL CORE 2 DUO E6750 (266 GHZ), 2 GB DE MEMÓRIA RAM , DISCO RÍGIDO 160GB;LENOVO - MODELO: THINKCENTRE M57P - SERIE: L1AK0ZH;
;225;7402;INSERVÍVEL;1918,4;191,84;MICROCOMPUTADOR COM PROCESSADOR;INTEL CORE 2 DUO E6750 (266 GHZ), 2 GB DE MEMÓRIA RAM , DISCO RÍGIDO 160GB;LENOVO - MODELO: THINKCENTRE M57P - SERIE: L1AK3GB;
;226;7420;INSERVÍVEL;434,98;43,5;MONITOR LCD - CRISTAL LIQUIDO;SVGA, 17 POLEGADAS;AOC - MODELO: 718SWAG-1 - SERIE: K3085CA002890;
;227;7429;INSERVÍVEL;434,98;43,5;MONITOR LCD - CRISTAL LIQUIDO;SVGA, 17 POLEGADAS;AOC - MODELO: 177SA-1 - SERIE: 98676CA000010;
;228;7433;INSERVÍVEL;434,98;43,5;MONITOR LCD - CRISTAL LIQUIDO;SVGA, 17 POLEGADAS;AOC - MODELO: 177SA-1 - SERIE: 98676CA001657;
;229;7454;INSERVÍVEL;249;28,34;CALCULADORA  ELETRONICA;DE MESA COM VISOR E IMPRESSORA;ELGIN - SERIE: 8000362;
;230;7488;INSERVÍVEL;1301,56;130,16;MICROCOMPUTADOR COM PROCESSADOR;INTEL CORE 2 DUO, 2GB RAM, HD 160 GB, DVD/RW;LENOVO - MODELO: 6073BA4 - SERIE: L1AC2ZF;
;231;7504;INSERVÍVEL;324;32,4;MONITOR LCD - CRISTAL LIQUIDO;17 POLEGADAS;LENOVO - MODELO: 4428-AB1 - SERIE: VF 51178;
;232;7505;INSERVÍVEL;324;32,4;MONITOR LCD - CRISTAL LIQUIDO;17 POLEGADAS;LENOVO - MODELO: 4428-AB1 - SERIE: VF 51245;
;233;7558;INSERVÍVEL;6613,5;661,35;UNIDADE DE BACKUP;LTO;HP;
;234;7569;INSERVÍVEL;1918,4;191,84;MICROCOMPUTADOR COM PROCESSADOR;INTEL CORE 2 DUO E8400 (30 GHZ), 2GB RAM, HD 160 GB, DVD/RW;LENOVO - MODELO: THINKCENTRE M57P - SERIE: L1AN8VN;
;235;7573;INSERVÍVEL;1918,4;191,84;MICROCOMPUTADOR COM PROCESSADOR;INTEL CORE 2 DUO E8400 (30 GHZ), 2GB RAM, HD 160 GB, DVD/RW;LENOVO - MODELO: THINKCENTRE M57P - SERIE: L1AN8VK;
;236;7577;INSERVÍVEL;1918,4;191,84;MICROCOMPUTADOR COM PROCESSADOR;INTEL CORE 2 DUO E8400 (30 GHZ), 2GB RAM, HD 160 GB, DVD/RW;LENOVO - MODELO: THINKCENTRE M57P - SERIE: L1AN8VL;
;237;7598;INSERVÍVEL;290;71,91;APARELHO DE FAX;BROTHER - MODELO: FAX-575 - SERIE: L7K900469;;
;238;7622;INSERVÍVEL;132,99;22,99;DESUMIDIFICADOR DE PAPEL;CAPACIDADE 1500 FLS;MENNO;
;239;7657;INSERVÍVEL;883;154,8;SISTEMA DE MICROFONES SEM FIO;DUPLO, CONTENDO: 01 RECEPTOR (S/N 255080901417) E 02 MICROFONES DE MÃO;SKP PRO AUDIO - MODELO: UHF 255 - SERIE: 255080901417;
;240;7714;INSERVÍVEL;459,5;93,8;LAVADORA  DE ALTA PRESSÃO;POTÊNCIA: 1600 W, VAZÃO: 360 L/H;MOTOMIL - MODELO: LM-1600 - SERIE: 10752;
;241;7808;INSERVÍVEL;415,86;88,26;MOTO BOMBA CENTRIFUGA;1/2CV, MONOFÁSICA, 60HZ;SCHNEIDER - MODELO: BC-98SC - SERIE: 6308142771028;
;242;7809;INSERVÍVEL;1062;225,15;CONDICIONADOR DE AR DE PAREDE;12000 BTUS, 220 V;SPRINGER - MODELO: MINIMAXI - SERIE: S4009B55143;
;243;7810;INSERVÍVEL;1062;225,15;CONDICIONADOR DE AR DE PAREDE;12000 BTUS, 220 V;SPRINGER - MODELO: MINIMAXI - SERIE: S4009B55039;
;244;7828;INSERVÍVEL;350;186,94;BEBEDOURO DE AGUA EM AÇO INOX;TIPO COLUNA;ESMALTEC - MODELO: EGC35B - SERIE: 12051406763645;
;245;7843;INSERVÍVEL;1180;1180;IMPRESSORA LASER;MONOCROMÁTICA;HP - MODELO: LASERJET P2055DN - SERIE: BRBH9BJ5LO;
;246;7844;INSERVÍVEL;1180;1180;IMPRESSORA LASER;MONOCROMÁTICA;HP - MODELO: LASERJET P2055DN - SERIE: BRBH9CL517;
;247;7845;INSERVÍVEL;1180;1180;IMPRESSORA LASER;MONOCROMÁTICA;HP - MODELO: LASERJET P2055DN - SERIE: BRBH9CL5Q9;
;248;7846;INSERVÍVEL;1180;1180;IMPRESSORA LASER;MONOCROMÁTICA;HP - MODELO: LASERJET P2055DN - SERIE: BRBH9CM52Y;
;249;7850;INSERVÍVEL;1180;1180;IMPRESSORA LASER;MONOCROMÁTICA;HP - MODELO: LASERJET P2055DN - SERIE: BRBH9CD51K;
;250;7852;INSERVÍVEL;1180;1180;IMPRESSORA LASER;MONOCROMÁTICA;HP - MODELO: LASERJET P2055DN - SERIE: BRBH9CL511;
;251;7853;INSERVÍVEL;1180;1180;IMPRESSORA LASER;MONOCROMÁTICA;HP - MODELO: LASERJET P2055DN - SERIE: BRBH9CM533;
;252;7854;INSERVÍVEL;1034,19;1034,19;IMPRESSORA MATRICIAL;EPSON - MODELO: LQ-590 - SERIE: FSQY143926;;
;253;7856;INSERVÍVEL;1034,19;1034,19;IMPRESSORA MATRICIAL;EPSON - MODELO: LQ-590 - SERIE: FSQY143913;;
;254;7865;INSERVÍVEL;10343,11;10343,11;FRAGMENTADORA DE PAPEL;FRAGMENTADORA DE PAPEL MARCA EBA, MODELO 5140S;EBA - MODELO: 5140S;
;255;7869;INSERVÍVEL;1180;1180;IMPRESSORA LASERJET;HP - MODELO: LASERJET P2055DN - SERIE: BRBH9DH527;;
;256;7870;INSERVÍVEL;1180;1180;IMPRESSORA LASERJET;HP - MODELO: LASERJET P2055DN - SERIE: BRBH9DH52W;;
;257;7871;INSERVÍVEL;1180;1180;IMPRESSORA LASERJET;HP - MODELO: LASERJET P2055DN - SERIE: BRBH9DH530;;
;258;7872;INSERVÍVEL;1180;1180;IMPRESSORA LASERJET;HP - MODELO: LASERJET P2055DN - SERIE: BRBH9DH5HJ;;
;259;7873;INSERVÍVEL;1180;1180;IMPRESSORA LASERJET;HP - MODELO: LASERJET P2055DN - SERIE: BRBH9DH52M;;
;260;7874;INSERVÍVEL;1180;1180;IMPRESSORA LASERJET;HP - MODELO: LASERJET P2055DN - SERIE: BRBH9DH52N;;
;261;7878;INSERVÍVEL;1180;1180;IMPRESSORA LASERJET;HP - MODELO: LASERJET P2055DN - SERIE: BRBH9DH528;;
;262;7879;INSERVÍVEL;1180;1180;IMPRESSORA LASERJET;HP - MODELO: LASERJET P2055DN - SERIE: BRBH9DH5B9;;
;263;7880;INSERVÍVEL;1180;1180;IMPRESSORA LASERJET;HP - MODELO: LASERJET P2055DN - SERIE: BRBH9DH52T;;
;264;7882;INSERVÍVEL;1180;1180;IMPRESSORA LASERJET;HP - MODELO: LASERJET P2055DN - SERIE: BRBH9DH52X;;
;265;7886;INSERVÍVEL;1180;1180;IMPRESSORA LASERJET;HP - MODELO: LASERJET P2055DN - SERIE: BRBH9DH52B;;
;266;7887;INSERVÍVEL;1180;1180;IMPRESSORA LASERJET;HP - MODELO: LASERJET P2055DN - SERIE: BRBH9DH52P;;
;267;7904;INSERVÍVEL;424;424;FOGAO TIPO RESIDENCIAL;04 (QUATRO) BOCAS, FORNO AUTOLIMPANTE;;
;268;7930;INSERVÍVEL;1034,19;1034,19;IMPRESSORA MATRICIAL;EPSON - MODELO: LQ-590 - SERIE: FSQY152015;;
;269;7932;INSERVÍVEL;899;899;PAINEL ELETRONICO;DE SENHAS - SERIE: PS003-0225/V2;;
;270;7942;INSERVÍVEL;355;355;CARRO TUBULAR PARA TRANSPORTE DE MATERIAL, 2 RODAS;;;
;271;8054;INSERVÍVEL;86,94;86,94;APARELHO TELEFONICO SEM FIO;TELEFONE SEM FIO [HANDSET];OREGON - MODELO: OS6014 - SERIE: 0028521411;
;272;8059;INSERVÍVEL;86,94;86,94;APARELHO TELEFONICO SEM FIO;TELEFONE SEM FIO [HANDSET];OREGON - MODELO: OS6014 - SERIE: 0028521416;
;273;8084;INSERVÍVEL;399,99;399,99;NO BREAK ;NO BREAK SMS MODELO NETWINNER 1300BI;SMS - MODELO: NW 1300BI;
;274;8092;INSERVÍVEL;3650;3650;MONITOR KVM 17 POLEGADAS COM TECLADO - SERIE: 77336;;;
;275;8111;INSERVÍVEL;217,35;217,35;CADEIRA GIRATORIA EM TECIDO;ESPALDAR MÉDIO, COR PRETA;;
;276;8113;INSERVÍVEL;217,35;217,35;CADEIRA GIRATORIA EM TECIDO;ESPALDAR MÉDIO, COR PRETA;;
;277;8114;INSERVÍVEL;217,35;217,35;CADEIRA GIRATORIA EM TECIDO;ESPALDAR MÉDIO, COR PRETA;;
;278;8117;INSERVÍVEL;217,35;217,35;CADEIRA GIRATORIA EM TECIDO;ESPALDAR MÉDIO, COR PRETA;;
;279;8121;INSERVÍVEL;217,35;217,35;CADEIRA GIRATORIA EM TECIDO;ESPALDAR MÉDIO, COR PRETA;;
;280;8151;INSERVÍVEL;605,73;605,73;MONITOR LCD - CRISTAL LIQUIDO;22 WIDESCREEN;LENOVO - MODELO: THINKVISION L2250P - SERIE: V6-E8944;
;281;8186;INSERVÍVEL;1598,16;1598,16;MICROCOMPUTADOR COM PROCESSADOR;INTEL CORE 2 DUO E7500 (293 GHZ), 2 X 2 GB DE RAM, HD 320 GB, DVDRW;LENOVO - MODELO: THINKCENTRE M58 - SERIE: L1BMRDO;
;282;8192;INSERVÍVEL;1598,16;1598,16;MICROCOMPUTADOR COM PROCESSADOR;INTEL CORE 2 DUO E7500 (293 GHZ), 2 X 2 GB DE RAM, HD 320 GB, DVDRW;LENOVO - MODELO: THINKCENTRE M58 - SERIE: L1BMRCL;
;283;8195;INSERVÍVEL;1598,16;1598,16;MICROCOMPUTADOR COM PROCESSADOR;INTEL CORE 2 DUO E7500 (293 GHZ), 2 X 2 GB DE RAM, HD 320 GB, DVDRW;LENOVO - MODELO: THINKCENTRE M58 - SERIE: L1BMRA2;
;284;8201;INSERVÍVEL;1598,16;1598,16;MICROCOMPUTADOR COM PROCESSADOR;INTEL CORE 2 DUO E7500 (293 GHZ), 2 X 2 GB DE RAM, HD 320 GB, DVDRW;LENOVO - MODELO: THINKCENTRE M58 - SERIE: L1BMR9Z;
;285;8344;INSERVÍVEL;854;854;APARELHO TELEFONICO SEM FIO COM HEADSET - SERIE: 0166F2F800;SIEMENS - MODELO: GIGASET C385;TELEFONE GIGASET C38H, HEADSET PLANTRONICS;
;286;8347;INSERVÍVEL;854;854;APARELHO TELEFONICO SEM FIO COM HEADSET - SERIE: 0166F2F260;SIEMENS - MODELO: GIGASET C385;TELEFONE GIGASET C38H, HEADSET PLANTRONICS;
;287;8350;INSERVÍVEL;854;854;APARELHO TELEFONICO SEM FIO COM HEADSET - SERIE: 01666CEFC0;SIEMENS - MODELO: GIGASET C385;TELEFONE GIGASET C38H, HEADSET PLANTRONICS;
;288;8351;INSERVÍVEL;854;854;APARELHO TELEFONICO SEM FIO COM HEADSET - SERIE: 0166F1EE60;SIEMENS - MODELO: GIGASET C385;TELEFONE GIGASET C38H, HEADSET PLANTRONICS;
;289;8352;INSERVÍVEL;854;854;APARELHO TELEFONICO SEM FIO COM HEADSET - SERIE: 0166F2AB00;SIEMENS - MODELO: GIGASET C385;TELEFONE GIGASET C38H, HEADSET PLANTRONICS;
;290;8354;INSERVÍVEL;854;854;APARELHO TELEFONICO SEM FIO COM HEADSET - SERIE: 01666DE640;SIEMENS - MODELO: GIGASET C385;TELEFONE GIGASET C38H, HEADSET PLANTRONICS;
;291;8369;INSERVÍVEL;459,79;459,79;CORTADOR DE GRAMA ELÉTRICO;GARTHEN - MODELO: GC-1100;;
;292;8370;INSERVÍVEL;185;185;CARRINHO DE MÃO;TRAMONTINA;COM CAÇAMBA EM POLIPROPILENO;
;293;8389;INSERVÍVEL;2049;2049;NOTEBOOK COM PROCESSADOR;INTEL CORE 2 DUO P8600/2GB/HD 160GB/DVD-RW;DATEN - MODELO: DT02 M5 - SERIE: 00250658;
;294;8391;INSERVÍVEL;2049;2049;NOTEBOOK COM PROCESSADOR;INTEL CORE 2 DUO P8600/2GB/HD 160GB/DVD-RW;DATEN - MODELO: DT02 M5 - SERIE: 00250776;
;295;8393;INSERVÍVEL;2049;2049;NOTEBOOK COM PROCESSADOR;INTEL CORE 2 DUO P8600/2GB/HD 160GB/DVD-RW;DATEN - MODELO: DT02 M5 - SERIE: 00250711;
;296;8433;INSERVÍVEL;338;338;CÂMERA FOTOGRÁFICA DIGITAL;COR PRATA;SAMSUNG - MODELO: ES70 - SERIE: 0942C90Z701310R;
;297;8435;INSERVÍVEL;338;338;CÂMERA FOTOGRÁFICA DIGITAL;COR PRATA;SAMSUNG - MODELO: ES70 - SERIE: 0942C90Z602490Y;
;298;8437;INSERVÍVEL;338;338;CÂMERA FOTOGRÁFICA DIGITAL;COR PRATA;SAMSUNG - MODELO: ES70 - SERIE: 0942C90Z701350T;
;299;8439;INSERVÍVEL;338;338;CÂMERA FOTOGRÁFICA DIGITAL;COR PRATA;SAMSUNG - MODELO: ES70 - SERIE: 0942C90Z505124H;
;300;8441;INSERVÍVEL;338;338;CÂMERA FOTOGRÁFICA DIGITAL;COR PRATA;SAMSUNG - MODELO: ES70 - SERIE: 0942C90Z500773H;
;301;8442;INSERVÍVEL;338;338;CÂMERA FOTOGRÁFICA DIGITAL;COR PRATA;SAMSUNG - MODELO: ES70 - SERIE: 0942C90Z701096Z;
;302;8505;INSERVÍVEL;360;111,6;BEBEDOURO DE AGUA TIPO GARRAFAO;TIPO COLUNA, EM AÇO INOX;LIBELL - MODELO: MASTER;
;303;8521;INSERVÍVEL;2271;2271;CENTRAL DE AR CONDICIONADO;APARELHO DE AR-CONDICIONADO COM CAPACIDADE DE;;
;304;8550;INSERVÍVEL;299,97;299,97;MONITOR DE VIDEO LCD;19 POLEGADAS, COR PRETA;HP - MODELO: L190HB - SERIE: BRG1110JPT;
;305;8552;INSERVÍVEL;299,97;299,97;MONITOR DE VIDEO LCD;19 POLEGADAS, COR PRETA;HP - MODELO: L190HB - SERIE: BRG1110JPH;
;306;8554;INSERVÍVEL;299,97;299,97;MONITOR DE VIDEO LCD;19 POLEGADAS, COR PRETA;HP - MODELO: L190HB - SERIE: BRG1110JPC;
;307;8562;INSERVÍVEL;299,97;299,97;MONITOR DE VIDEO LCD;19 POLEGADAS, COR PRETA;HP - MODELO: L190HB - SERIE: BRG1110JPK;
;308;8563;INSERVÍVEL;299,97;299,97;MONITOR DE VIDEO LCD;19 POLEGADAS, COR PRETA;HP - MODELO: L190HB - SERIE: BRG1110JPP;
;309;8572;INSERVÍVEL;269,99;269,99;MONITOR DE VIDEO LCD;19 POLEGADAS, WIDESCREEN;ITAUTEC - MODELO: L190HB - SERIE: 2025680;
;310;8581;INSERVÍVEL;269,99;269,99;MONITOR DE VIDEO LCD;19 POLEGADAS, WIDESCREEN;ITAUTEC - MODELO: L190HB - SERIE: 2026220;
;311;8590;INSERVÍVEL;269,99;269,99;MONITOR DE VIDEO LCD;19 POLEGADAS, WIDESCREEN;ITAUTEC - MODELO: L190HB - SERIE: 2025739;
;312;8596;INSERVÍVEL;269,99;269,99;MONITOR DE VIDEO LCD;19 POLEGADAS, WIDESCREEN;ITAUTEC - MODELO: L190HB - SERIE: 2028659;
;313;8613;INSERVÍVEL;269,99;269,99;MONITOR DE VIDEO LCD;19 POLEGADAS, WIDESCREEN;ITAUTEC - MODELO: L190HB - SERIE: 2026213;
;314;8615;INSERVÍVEL;1235,75;1235,75;MICROCOMPUTADOR COM PROCESSADOR;4GB;ITAUTEC - MODELO: INFOWAY SM 3330 - SERIE: 4003007100255;
;315;8616;INSERVÍVEL;1235,75;1235,75;MICROCOMPUTADOR COM PROCESSADOR;4GB;ITAUTEC - MODELO: INFOWAY SM 3330 - SERIE: 4003007100076;
;316;8617;INSERVÍVEL;1235,75;1235,75;MICROCOMPUTADOR COM PROCESSADOR;4GB;ITAUTEC - MODELO: INFOWAY SM 3330 - SERIE: 4003007000212;
;317;8618;INSERVÍVEL;1235,75;1235,75;MICROCOMPUTADOR COM PROCESSADOR;4GB;ITAUTEC - MODELO: INFOWAY SM 3330 - SERIE: 4003006800228;
;318;8620;INSERVÍVEL;1235,75;1235,75;MICROCOMPUTADOR COM PROCESSADOR;4GB;ITAUTEC - MODELO: INFOWAY SM 3330 - SERIE: 4003007100337;
;319;8621;INSERVÍVEL;1235,75;1235,75;MICROCOMPUTADOR COM PROCESSADOR;4GB;ITAUTEC - MODELO: INFOWAY SM 3330 - SERIE: 4003007000191;
;320;8622;INSERVÍVEL;1235,75;1235,75;MICROCOMPUTADOR COM PROCESSADOR;4GB;ITAUTEC - MODELO: INFOWAY SM 3330 - SERIE: 4003006800341;
;321;8623;INSERVÍVEL;1235,75;1235,75;MICROCOMPUTADOR COM PROCESSADOR;4GB;ITAUTEC - MODELO: INFOWAY SM 3330 - SERIE: 4003007100339;
;322;8625;INSERVÍVEL;1235,75;1235,75;MICROCOMPUTADOR COM PROCESSADOR;4GB;ITAUTEC - MODELO: INFOWAY SM 3330 - SERIE: 4002739500377;
;323;8628;INSERVÍVEL;1235,75;1235,75;MICROCOMPUTADOR COM PROCESSADOR;4GB;ITAUTEC - MODELO: INFOWAY SM 3330 - SERIE: 4003007100338;
;324;8630;INSERVÍVEL;1235,75;1235,75;MICROCOMPUTADOR COM PROCESSADOR;4GB;ITAUTEC - MODELO: INFOWAY SM 3330 - SERIE: 4003007100335;
;325;8633;INSERVÍVEL;1235,75;1235,75;MICROCOMPUTADOR COM PROCESSADOR;4GB;ITAUTEC - MODELO: INFOWAY SM 3330 - SERIE: 4002739500388;
;326;8634;INSERVÍVEL;1235,75;1235,75;MICROCOMPUTADOR COM PROCESSADOR;4GB;ITAUTEC - MODELO: INFOWAY SM 3330 - SERIE: 4003007000376;
;327;8635;INSERVÍVEL;1235,75;1235,75;MICROCOMPUTADOR COM PROCESSADOR;4GB;ITAUTEC - MODELO: INFOWAY SM 3330 - SERIE: 4003006800074;
;328;8636;INSERVÍVEL;1235,75;1235,75;MICROCOMPUTADOR COM PROCESSADOR;4GB;ITAUTEC - MODELO: INFOWAY SM 3330 - SERIE: 4003007100330;
;329;8637;INSERVÍVEL;1235,75;1235,75;MICROCOMPUTADOR COM PROCESSADOR;4GB;ITAUTEC - MODELO: INFOWAY SM 3330 - SERIE: 4003007100297;
;330;8638;INSERVÍVEL;1235,75;1235,75;MICROCOMPUTADOR COM PROCESSADOR;4GB;ITAUTEC - MODELO: INFOWAY SM 3330 - SERIE: 4003007100308;
;331;8641;INSERVÍVEL;1235,75;1235,75;MICROCOMPUTADOR COM PROCESSADOR;4GB;ITAUTEC - MODELO: INFOWAY SM 3330 - SERIE: 4003006800183;
;332;8642;INSERVÍVEL;1235,75;1235,75;MICROCOMPUTADOR COM PROCESSADOR;4GB;ITAUTEC - MODELO: INFOWAY SM 3330 - SERIE: 4003007000165;
;333;8643;INSERVÍVEL;1235,75;1235,75;MICROCOMPUTADOR COM PROCESSADOR;4GB;ITAUTEC - MODELO: INFOWAY SM 3330 - SERIE: 4003007100350;
;334;8644;INSERVÍVEL;1235,75;1235,75;MICROCOMPUTADOR COM PROCESSADOR;4GB;ITAUTEC - MODELO: INFOWAY SM 3330 - SERIE: 4003007000389;
;335;8647;INSERVÍVEL;1235,75;1235,75;MICROCOMPUTADOR COM PROCESSADOR;4GB;ITAUTEC - MODELO: INFOWAY SM 3330 - SERIE: 4003007100346;
;336;8648;INSERVÍVEL;1235,75;1235,75;MICROCOMPUTADOR COM PROCESSADOR;4GB;ITAUTEC - MODELO: INFOWAY SM 3330 - SERIE: 4003007000099;
;337;8649;INSERVÍVEL;1235,75;1235,75;MICROCOMPUTADOR COM PROCESSADOR;4GB;ITAUTEC - MODELO: INFOWAY SM 3330 - SERIE: 4003007100155;
;338;8650;INSERVÍVEL;1235,75;1235,75;MICROCOMPUTADOR COM PROCESSADOR;4GB;ITAUTEC - MODELO: INFOWAY SM 3330 - SERIE: 4003007000267;
;339;8651;INSERVÍVEL;1235,75;1235,75;MICROCOMPUTADOR COM PROCESSADOR;4GB;ITAUTEC - MODELO: INFOWAY SM 3330 - SERIE: 4003007100048;
;340;8652;INSERVÍVEL;1235,75;1235,75;MICROCOMPUTADOR COM PROCESSADOR;4GB;ITAUTEC - MODELO: INFOWAY SM 3330 - SERIE: 4003007100256;
;341;8654;INSERVÍVEL;1235,75;1235,75;MICROCOMPUTADOR COM PROCESSADOR;4GB;ITAUTEC - MODELO: INFOWAY SM 3330 - SERIE: 4003007100314;
;342;8655;INSERVÍVEL;1235,75;1235,75;MICROCOMPUTADOR COM PROCESSADOR;4GB;ITAUTEC - MODELO: INFOWAY SM 3330 - SERIE: 4003006800213;
;343;8657;INSERVÍVEL;1235,75;1235,75;MICROCOMPUTADOR COM PROCESSADOR;4GB;ITAUTEC - MODELO: INFOWAY SM 3330 - SERIE: 4003006800169;
;344;8658;INSERVÍVEL;1235,75;1235,75;MICROCOMPUTADOR COM PROCESSADOR;4GB;ITAUTEC - MODELO: INFOWAY SM 3330 - SERIE: 4003007100128;
;345;8708;INSERVÍVEL;175;67,58;NO BREAK ;STAY 700 USB, AUT/115, 220V;APC - SERIE: 5713140145;
;346;8711;INSERVÍVEL;175;67,58;NO BREAK ;STAY 700 USB, AUT/115, 220V;APC - SERIE: 5713140136;
;347;8717;INSERVÍVEL;175;67,58;NO BREAK ;STAY 700 USB, AUT/115, 220V;APC - SERIE: 5713720134;
;348;8720;INSERVÍVEL;175;67,58;NO BREAK ;STAY 700 USB, AUT/115, 220V;APC - SERIE: 5713140134;
;349;8723;INSERVÍVEL;175;67,58;NO BREAK ;STAY 700 USB, AUT/115, 220V;APC - SERIE: 5713140120;
;350;8727;INSERVÍVEL;175;67,58;NO BREAK ;STAY 700 USB, AUT/115, 220V;APC - SERIE: 5713140148;
;351;8729;INSERVÍVEL;175;67,58;NO BREAK ;STAY 700 USB, AUT/115, 220V;APC - SERIE: 5713140149;
;352;8737;INSERVÍVEL;175;67,58;NO BREAK ;STAY 700 USB, AUT/115, 220V;APC - SERIE: 5713140126;
;353;8743;INSERVÍVEL;175;67,58;NO BREAK ;STAY 700 USB, AUT/115, 220V;APC - SERIE: 5713140150;
;354;8747;INSERVÍVEL;175;67,58;NO BREAK ;STAY 700 USB, AUT/115, 220V;APC - SERIE: 571372130;
;355;8769;INSERVÍVEL;1407,55;1407,55;MICROCOMPUTADOR COM PROCESSADOR;4GB;POSITIVO - MODELO: I5PE - SERIE: 1A331CG4B;
;356;8776;INSERVÍVEL;1407,55;1407,55;MICROCOMPUTADOR COM PROCESSADOR;4GB;POSITIVO - MODELO: I5PE - SERIE: 1A3340V81;
;357;8780;INSERVÍVEL;1407,55;1407,55;MICROCOMPUTADOR COM PROCESSADOR;4GB;POSITIVO - MODELO: I5PE - SERIE: 1A3340W3F;
;358;8789;INSERVÍVEL;1407,55;1407,55;MICROCOMPUTADOR COM PROCESSADOR;4GB;POSITIVO - MODELO: I5PE - SERIE: 1A3340Z15;
;359;8826;INSERVÍVEL;1210;1210;IMPRESSORA MATRICIAL;;EPSON - MODELO: LQ-590 - SERIE: FSRY023247;
;360;8828;INSERVÍVEL;1210;1210;IMPRESSORA MATRICIAL;;EPSON - MODELO: LQ-590 - SERIE: FSRY024170;
;361;8838;INSERVÍVEL;3999;1539,82;CENTRAL DE AR CONDICIONADO;SPLIT, PISO-TETO, 48000 BTU'S UN EXTERNA: C101342370911424130035;KOMECO - MODELO: KOP48FC - SERIE: C101342370211402130020;
;362;8839;INSERVÍVEL;3999;1539,82;CENTRAL DE AR CONDICIONADO;SPLIT, PISO-TETO, 48000 BTU'S UN EXTERNA: C101342370911424130037;KOMECO - MODELO: KOP48FC - SERIE: C101342370211402130002;
;363;8840;INSERVÍVEL;3999;1539,82;CENTRAL DE AR CONDICIONADO;SPLIT, PISO-TETO, 48000 BTU'S UN EXTERNA: C101342370911424130001;KOMECO - MODELO: KOP48FC - SERIE: C101342370211402130032;
;364;8842;INSERVÍVEL;33600;33600;SERVIDOR DE ARMAZENAMENTO DE DADOS;UNIDADE DE BACKUP TAPE LIBRARY;IBM - MODELO: TS3200 - SERIE: S78P4319;
;365;8848;INSERVÍVEL;5227;5227;MICROCOMPUTADOR TIPO ESTAÇÃO DE TRABALHO;4GB;HP - MODELO: Z600 - SERIE: BRG135FB4L;
;366;8853;INSERVÍVEL;1913;765;CENTRAL DE AR CONDICIONADO;30 MIL BTU'S 220V UN EXTERNA: H30ABC051101100065;RHEEM - MODELO: RB1HW24HP2BE - SERIE: H30ABE051101100661;
;367;8867;INSERVÍVEL;1322;1322;IMPRESSORA LASER;MULTIFUNCIONAL CABO USB;SAMSUNG - MODELO: SCX-5637FR - SERIE: Z5W1BAIB700475L;
;368;8868;INSERVÍVEL;1322;1322;IMPRESSORA LASER;MULTIFUNCIONAL CABO USB;SAMSUNG - MODELO: SCX-5637FR - SERIE: Z5W1BAKB400572K;
;369;8875;INSERVÍVEL;1322;1322;IMPRESSORA LASER;MULTIFUNCIONAL CABO USB;SAMSUNG - MODELO: SCX-5637FR - SERIE: Z5W1BAAB800130R;
;370;8877;INSERVÍVEL;1322;1322;IMPRESSORA LASER;MULTIFUNCIONAL CABO USB;SAMSUNG - MODELO: SCX-5637FR - SERIE: Z5W1BAIB700443P;
;371;8880;INSERVÍVEL;1322;1322;IMPRESSORA LASER;MULTIFUNCIONAL CABO USB;SAMSUNG - MODELO: SCX-5637FR - SERIE: Z5W1BAIB700418B;
;372;8883;INSERVÍVEL;799;799;REFRIGERADOR TIPO RESIDENCIAL;01 PORTA, 240 L, COR BRANCA;ELECTROLUX - MODELO: RE28 - SERIE: 14001355;
;373;8898;INSERVÍVEL;1913;779,35;CENTRAL DE AR CONDICIONADO;SPLIT, 30000 BTUS, 220V;RHEEM - MODELO: RB1HW30AC2BS - SERIE: H30ABE051101100398;
;374;8904;INSERVÍVEL;537,75;537,75;CADEIRA GIRATORIA EM TECIDO;COM BRAÇOS, ESPALDAR MÉDIO, COR PRETA;FLEXFORM - MODELO: PLUS;
;375;8913;INSERVÍVEL;537,75;537,75;CADEIRA GIRATORIA EM TECIDO;COM BRAÇOS, ESPALDAR MÉDIO, COR PRETA;FLEXFORM - MODELO: PLUS;
;376;8927;INSERVÍVEL;537,75;537,75;CADEIRA GIRATORIA EM TECIDO;COM BRAÇOS, ESPALDAR MÉDIO, COR PRETA;FLEXFORM - MODELO: PLUS;
;377;8978;INSERVÍVEL;537,75;537,75;CADEIRA GIRATORIA EM TECIDO;COM BRAÇOS, ESPALDAR MÉDIO, COR PRETA;FLEXFORM - MODELO: PLUS;
;378;9030;INSERVÍVEL;939;939;IMPRESSORA TÉRMICA - SERIE: 41J113702382;ZEBRA - MODELO: TLP 2844;;
;379;9033;INSERVÍVEL;939;939;IMPRESSORA TÉRMICA - SERIE: 41J113702381;ZEBRA - MODELO: TLP 2844;;
;380;9036;INSERVÍVEL;766;766;MINI-CENTRAL DE AR CONDICIONADO;TIPO SPLIT CICLO FRIO 220V UN EXT: 2712ECBA206;ELECTROLUX - MODELO: PI12F - SERIE: 2712ICBA206;
;381;9037;INSERVÍVEL;766;766;MINI-CENTRAL DE AR CONDICIONADO;TIPO SPLIT 12 MIL BTU'S CICLO FRIO 220V UN EXT: 2712ECBA206;ELECTROLUX - MODELO: PI12F - SERIE: 2712ICBA206;
;382;9046;INSERVÍVEL;1960;1960;NOTEBOOK COM PROCESSADOR;INTEL CORE I3-2330M (2,20GHZ), TELA LED 14 WIDESCREEN, HD 320 GB STA-2 7200RPM, MEMÓRIA 2GB (DDR3);HP - MODELO: PROBOOK 4430S - SERIE: BRG207F1F2;
;383;9051;INSERVÍVEL;752,35;752,35;IMPRESSORA LASER;MONOCROMÁTICA;SAMSUNG - MODELO: ML-3710ND - SERIE: Z5HABAGBC02493X;
;384;9053;INSERVÍVEL;752,35;752,35;IMPRESSORA LASER;MONOCROMÁTICA;SAMSUNG - MODELO: ML-3710ND - SERIE: Z5HABAGBC02335P;
;385;9059;INSERVÍVEL;752,35;752,35;IMPRESSORA LASER;MONOCROMÁTICA;SAMSUNG - MODELO: ML-3710ND;
;386;9104;INSERVÍVEL;946;946;IMPRESSORA MATRICIAL;EPSON - MODELO: LQ-590 - SERIE: FSRY032967;;
;387;9148;INSERVÍVEL;140,58;61,83;MESA DE USO DIVERSO EM PLASTICO;RETANGULAR, MEDINDO 1,36 X 0,85 X 0,72 M (COMPRIMENTO X LARGURA X ALTURA) COR BRANCA;TRAMONTINA - MODELO: BALI;
;388;9158;INSERVÍVEL;140,58;61,83;MESA DE USO DIVERSO EM PLASTICO;RETANGULAR, MEDINDO 1,36 X 0,85 X 0,72 M (COMPRIMENTO X LARGURA X ALTURA) COR BRANCA;TRAMONTINA - MODELO: BALI;
;389;9160;INSERVÍVEL;140,58;61,83;MESA DE USO DIVERSO EM PLASTICO;RETANGULAR, MEDINDO 1,36 X 0,85 X 0,72 M (COMPRIMENTO X LARGURA X ALTURA) COR BRANCA;TRAMONTINA - MODELO: BALI;
;390;9161;INSERVÍVEL;140,58;61,83;MESA DE USO DIVERSO EM PLASTICO;RETANGULAR, MEDINDO 1,36 X 0,85 X 0,72 M (COMPRIMENTO X LARGURA X ALTURA) COR BRANCA;TRAMONTINA - MODELO: BALI;
;391;9166;INSERVÍVEL;309;135;MICROFONE SEM FIO;DE MÃO ALIMENTAÇÃO COM 2 PILHAS AA UHF;LYCO - MODELO: UH01M - SERIE: UH01M12110000322;
;392;9170;INSERVÍVEL;309;135;MICROFONE SEM FIO;DE MÃO ALIMENTAÇÃO COM 2 PILHAS AA UHF;LYCO - MODELO: UH01M - SERIE: UH01M12110001086;
;393;9172;INSERVÍVEL;309;135;MICROFONE SEM FIO;DE MÃO ALIMENTAÇÃO COM 2 PILHAS AA UHF;LYCO - MODELO: UH01M - SERIE: UH01M12110000709;
;394;9174;INSERVÍVEL;309;135;MICROFONE SEM FIO;DE MÃO ALIMENTAÇÃO COM 2 PILHAS AA UHF;LYCO - MODELO: UH01M - SERIE: UH01M12110000939;
;395;9177;INSERVÍVEL;309;135;MICROFONE SEM FIO;DE MÃO ALIMENTAÇÃO COM 2 PILHAS AA UHF;LYCO - MODELO: UH01M - SERIE: UH01M12110000587;
;396;9181;INSERVÍVEL;318,82;318,82;NO BREAK ;RAGTECH - MODELO: IFH 1300 - SERIE: 12130028;;
;397;9182;INSERVÍVEL;318,82;318,82;NO BREAK ;RAGTECH - MODELO: IFH 1300 - SERIE: 12130004;;
;398;9183;INSERVÍVEL;318,82;318,82;NO BREAK ;RAGTECH - MODELO: IFH 1300 - SERIE: 12130015;;
;399;9186;INSERVÍVEL;318,82;318,82;NO BREAK ;RAGTECH - MODELO: IFH 1300 - SERIE: 12130012;;
;400;9189;INSERVÍVEL;318,82;318,82;NO BREAK ;RAGTECH - MODELO: IFH 1300 - SERIE: 12130029;;
;401;9191;INSERVÍVEL;318,82;318,82;NO BREAK ;RAGTECH - MODELO: IFH 1300 - SERIE: 12130018;;
;402;9215;INSERVÍVEL;102;102;HEADSET APARELHO  COM FONE DE OUVIDO E MICROFONE;EARSET - MODELO: K65/X19 - SERIE: A458802;;
;403;9222;INSERVÍVEL;102;102;HEADSET APARELHO  COM FONE DE OUVIDO E MICROFONE;EARSET - MODELO: K65/X19 - SERIE: A458785;;
;404;9224;INSERVÍVEL;1322;1322;IMPRESSORA LASER;MULTIFUNCIONAL;SAMSUNG - MODELO: SCX-5637FR - SERIE: Z5W1BAKB400750T;
;405;9229;INSERVÍVEL;1322;1322;IMPRESSORA LASER;MULTIFUNCIONAL;SAMSUNG - MODELO: SCX-5637FR - SERIE: Z5W1BAKB400911D;
;406;9234;INSERVÍVEL;1362,36;1362,36;IMPRESSORA LASER;MULTIFUNCIONAL;SAMSUNG - MODELO: SCX-5637FR - SERIE: Z5W1BAIBC00704J;
;407;9237;INSERVÍVEL;1362,36;1362,36;IMPRESSORA LASER;MULTIFUNCIONAL;SAMSUNG - MODELO: SCX-5637FR - SERIE: Z5W1BAIBC00768T;
;408;9239;INSERVÍVEL;1362,36;1362,36;IMPRESSORA LASER;MULTIFUNCIONAL;SAMSUNG - MODELO: SCX-5637FR - SERIE: Z5W1BAIBC00610E;
;409;9243;INSERVÍVEL;894;397,46;MESA PARA AUDIÊNCIA;OVAL EM MELAMÍNICO MEDIDAS 1500CM X 2000CM;;
;410;9251;INSERVÍVEL;1913;879,8;CENTRAL DE AR CONDICIONADO;30 MIL BTU'S SPLIT 220V UN EXT: 1580949;ELGIN - MODELO: SRFI-30000-2 - SERIE: 1576978;
;411;9257;INSERVÍVEL;1913;879,8;CENTRAL DE AR CONDICIONADO;30 MIL BTU'S SPLIT 220V UN EXT: 1580814;ELGIN - MODELO: SRFI-30000-2 - SERIE: 1576979;
;412;9264;INSERVÍVEL;680;680;MINI-CENTRAL DE AR CONDICIONADO;9 MIL BTU'S 200V UN EXT 20903006;ELECTROLUX - SERIE: 20904349;
;413;9266;INSERVÍVEL;680;680;MINI-CENTRAL DE AR CONDICIONADO;9 MIL BTU'S 200V UN EXT 20903020;ELECTROLUX - SERIE: 20904745;
;414;9267;INSERVÍVEL;680;680;MINI-CENTRAL DE AR CONDICIONADO;9 MIL BTU'S 200V UN EXT 12006523;ELECTROLUX - SERIE: 20904749;
;415;9280;INSERVÍVEL;508,67;233,63;CAIXA DE SOM AMPLIFICADA;HAYONIC - MODELO: NEO 400 USB;COM ENTRADA USB 60W DE POTÊNCIA;
;416;9294;INSERVÍVEL;2000;2000;CENTRAL DE AR CONDICIONADO;SPLIT 30 MIL BTU'S 220V UEX: C101382843411A14130095;MIDEA - MODELO: MSE1-30CR - SERIE: C1011382841811A14150197;
;417;9296;INSERVÍVEL;2000;2000;CENTRAL DE AR CONDICIONADO;SPLIT 30 MIL BTU'S 220V UEX: C101382843411A14130094;MIDEA - MODELO: MSE1-30CR - SERIE: C1011382841811A14150189;
;418;9311;INSERVÍVEL;3200;1496;CENTRAL DE AR CONDICIONADO;60 MIL BTU'S TENSÃO 220V U EXT: 21000180;ELECTROLUX - MODELO: CFI60 - SERIE: 21600124;
;419;9317;INSERVÍVEL;460;460;APARELHO DE FAX;PARA PAPEL COMUM COM IDENTIFICADOR DE CHAMADAS;BROTHER - MODELO: FAX-575 - SERIE: U61361MOK971506;
;420;9318;INSERVÍVEL;460;460;APARELHO DE FAX;PARA PAPEL COMUM COM IDENTIFICADOR DE CHAMADAS;BROTHER - MODELO: FAX-575 - SERIE: U61361L8K150711;
;421;9320;INSERVÍVEL;460;460;APARELHO DE FAX;PARA PAPEL COMUM COM IDENTIFICADOR DE CHAMADAS;BROTHER - MODELO: FAX-575 - SERIE: U61361MOK971353;
;422;9458;INSERVÍVEL;1095;1095;MICROCOMPUTADOR PORTATIL (NETBOOK) COM PROCESSADOR;INTEL ATOM N570 166MHZ, MEMÓRIA: 2GB DDR3, HD: 500GB, TELA:101, WEBCAM E MICROFONE EMBUTIDOS;ACER - MODELO: ASPIRE ONE D257 - SERIE: 13002814676;
;423;9471;INSERVÍVEL;1095;1095;MICROCOMPUTADOR PORTATIL (NETBOOK) COM PROCESSADOR;INTEL ATOM N570 166MHZ, MEMÓRIA: 2GB DDR3, HD: 500GB, TELA:101, WEBCAM E MICROFONE EMBUTIDOS;ACER - MODELO: ASPIRE ONE D257 - SERIE: 13002037176;
;424;9484;INSERVÍVEL;1425;1425;CONDICIONADOR DE AR DE PAREDE;TIPO JANELA 21 MIL BTU'S 220V;SPRINGER - MODELO: SILENTIA - SERIE: 1907B05312;
;425;9485;INSERVÍVEL;1425;1425;CONDICIONADOR DE AR DE PAREDE;TIPO JANELA 21 MIL BTU'S 220V;SPRINGER - MODELO: SILENTIA - SERIE: 1910B13675;
;426;9486;INSERVÍVEL;1425;1425;CONDICIONADOR DE AR DE PAREDE;TIPO JANELA 21 MIL BTU'S 220V;SPRINGER - MODELO: SILENTIA - SERIE: 1907B05354;
;427;9491;INSERVÍVEL;1860;1860;CONDICIONADOR DE AR DE PAREDE;30 MIL BTU'S 220V;SPRINGER - MODELO: SILENTIA - SERIE: 4412B08570;
;428;9492;INSERVÍVEL;1860;1860;CONDICIONADOR DE AR DE PAREDE;30 MIL BTU'S 220V;SPRINGER - MODELO: SILENTIA - SERIE: 4412B07763;
;429;9495;INSERVÍVEL;1860;1860;CONDICIONADOR DE AR DE PAREDE;30 MIL BTU'S 220V;SPRINGER - MODELO: SILENTIA - SERIE: 4412B08569;
;430;9502;INSERVÍVEL;2720;2720;RACK PARA SERVIDOR;;;
;431;9503;INSERVÍVEL;3620;3620;MONITOR DE TEMPERATURA PARA DATACENTER;PRODIGITAL - SERIE: 140230;DISPLAY DIGITAL BIVOLT;
;432;9536;INSERVÍVEL;475;475;CADEIRA GIRATORIA EM TECIDO;ESPALDAR MÉDIO COR PRETA;FLEXFORM - MODELO: INFO CENTER;
;433;9605;INSERVÍVEL;350;186,94;BEBEDOURO DE AGUA EM AÇO INOX;TIPO COLUNA;ESMALTEC - MODELO: EGC35B - SERIE: 12051406763896;
;434;9607;INSERVÍVEL;2000;1070;CENTRAL DE AR CONDICIONADO;30 MIL BTU'S TENSÃO: 220V CICLO FRIO UNIDADE EXTERNA: 30291737;ELECTROLUX - MODELO: TI30F/TE30F - SERIE: 30290168;
;435;9618;INSERVÍVEL;2000;1070;CENTRAL DE AR CONDICIONADO;30 MIL BTU'S TENSÃO: 220V CICLO FRIO U EXT: 31292583;ELECTROLUX - MODELO: TI30F/TE30F - SERIE: 31292218;
;436;9628;INSERVÍVEL;219;219;MESA LINEAR;EM MDP 25MM, COR CINZA, MEDINDO 1200 X 600 X 760 MM (L X P X A);MD MOBILE;
;437;9631;INSERVÍVEL;366;198,25;BALCAO DE ATENDIMENTO LINEAR;EM MDF COR ARGILA;;
;438;9633;INSERVÍVEL;366;198,25;BALCAO DE ATENDIMENTO LINEAR;EM MDF COR ARGILA;;
;439;9636;INSERVÍVEL;366;198,25;BALCAO DE ATENDIMENTO LINEAR;EM MDF COR ARGILA;;
;440;9642;INSERVÍVEL;366;198,25;BALCAO DE ATENDIMENTO LINEAR;EM MDF COR ARGILA;;
;441;9645;INSERVÍVEL;366;198,25;BALCAO DE ATENDIMENTO LINEAR;EM MDF COR ARGILA;;
;442;9646;INSERVÍVEL;366;198,25;BALCAO DE ATENDIMENTO LINEAR;EM MDF COR ARGILA;;
;443;9647;INSERVÍVEL;366;198,25;BALCAO DE ATENDIMENTO LINEAR;EM MDF COR ARGILA;;
;444;9648;INSERVÍVEL;366;198,25;BALCAO DE ATENDIMENTO LINEAR;EM MDF COR ARGILA;;
;445;9649;INSERVÍVEL;366;198,25;BALCAO DE ATENDIMENTO LINEAR;EM MDF COR ARGILA;;
;446;9662;INSERVÍVEL;366;198,25;BALCAO DE ATENDIMENTO LINEAR;EM MDF COR ARGILA;;
;447;9663;INSERVÍVEL;366;198,25;BALCAO DE ATENDIMENTO LINEAR;EM MDF COR ARGILA;;
;448;9664;INSERVÍVEL;366;198,25;BALCAO DE ATENDIMENTO LINEAR;EM MDF COR ARGILA;;
;449;9666;INSERVÍVEL;366;198,25;BALCAO DE ATENDIMENTO LINEAR;EM MDF COR ARGILA;;
;450;9667;INSERVÍVEL;366;198,25;BALCAO DE ATENDIMENTO LINEAR;EM MDF COR ARGILA;;
;451;9669;INSERVÍVEL;366;198,25;BALCAO DE ATENDIMENTO LINEAR;EM MDF COR ARGILA;;
;452;9688;INSERVÍVEL;366;198,25;BALCAO DE ATENDIMENTO LINEAR;EM MDF COR ARGILA;;
;453;9706;INSERVÍVEL;108;108;CADEIRA FIXA S/BRAÇO;ESTOFADA COR AZUL;NOBRE MÓVEIS;
;454;9732;INSERVÍVEL;108;108;CADEIRA FIXA S/BRAÇO;ESTOFADA COR AZUL;NOBRE MÓVEIS;
;455;9747;INSERVÍVEL;108;108;CADEIRA FIXA S/BRAÇO;ESTOFADA COR AZUL;NOBRE MÓVEIS;
;456;9777;INSERVÍVEL;108;108;CADEIRA FIXA S/BRAÇO;ESTOFADA COR AZUL;NOBRE MÓVEIS;
;457;9779;INSERVÍVEL;108;108;CADEIRA FIXA S/BRAÇO;ESTOFADA COR AZUL;NOBRE MÓVEIS;
;458;9782;INSERVÍVEL;140;140;APARELHO TELEFONICO SEM FIO;VISOR LCD COM IDENTIFICADOR DE CHAMADAS;GIGASET - MODELO: A390 - SERIE: 131950;
;459;9785;INSERVÍVEL;1299,43;1299,43;MINI-CENTRAL DE AR CONDICIONADO;18000 BUTS 220V COR BRANCA UN EXT: K18101001415010020093;KOMECO - MODELO: KOS 18 FC2HX - SERIE: K18101001391010030143;
;460;9787;INSERVÍVEL;1299,43;1299,43;MINI-CENTRAL DE AR CONDICIONADO;18000 BUTS 220V COR BRANCA UN EXT: K18101001415010020065;KOMECO - MODELO: KOS 18 FC2HX - SERIE: K18101001439010030025;
;461;9792;INSERVÍVEL;1299,43;1299,43;MINI-CENTRAL DE AR CONDICIONADO;18000 BUTS 220V COR BRANCA UN EXT: K18101001415010020027;KOMECO - MODELO: KOS 18 FC2HX - SERIE: K18101001439010030026;
;462;9811;INSERVÍVEL;2000;1130;CONDICIONADOR DE AR PORTATIL;CAPACIDADE DE 12000 BTU/H, TENSÃO 127V,  GÁS ECOLÓGICO R410A, COM PAINEL FRONTAL RETRÁTIL;SPRINGER - MODELO: MPN-12CRV1 - SERIE: D205019880112A16200046;
;463;9812;INSERVÍVEL;2000;1130;CONDICIONADOR DE AR PORTATIL;CAPACIDADE DE 12000 BTU/H, TENSÃO 127V,  GÁS ECOLÓGICO R410A, COM PAINEL FRONTAL RETRÁTIL;SPRINGER - MODELO: MPN-12CRV1 - SERIE: D205019880112A16201872;
;464;9813;INSERVÍVEL;2000;1130;CONDICIONADOR DE AR PORTATIL;CAPACIDADE DE 12000 BTU/H, TENSÃO 127V,  GÁS ECOLÓGICO R410A, COM PAINEL FRONTAL RETRÁTIL;SPRINGER - MODELO: MPN-12CRV1 - SERIE: D205019880112A16200247;
;465;9815;INSERVÍVEL;327;327;NO BREAK ;1450VA COR PRETA;RCG - MODELO: ENERGETIC POWER MC;
;466;9824;INSERVÍVEL;327;327;NO BREAK ;1450VA COR PRETA;RCG - MODELO: ENERGETIC POWER MC;
;467;9825;INSERVÍVEL;327;327;NO BREAK ;1450VA COR PRETA;RCG - MODELO: ENERGETIC POWER MC;
;468;9826;INSERVÍVEL;327;327;NO BREAK ;1450VA COR PRETA;RCG - MODELO: ENERGETIC POWER MC;
;469;9832;INSERVÍVEL;327;327;NO BREAK ;1450VA COR PRETA;RCG - MODELO: ENERGETIC POWER MC;
;470;9834;INSERVÍVEL;327;327;NO BREAK ;1450VA COR PRETA;RCG - MODELO: ENERGETIC POWER MC;
;471;9835;INSERVÍVEL;327;327;NO BREAK ;1450VA COR PRETA;RCG - MODELO: ENERGETIC POWER MC;
;472;9836;INSERVÍVEL;327;327;NO BREAK ;1450VA COR PRETA;RCG - MODELO: ENERGETIC POWER MC;
;473;9839;INSERVÍVEL;327;327;NO BREAK ;1450VA COR PRETA;RCG - MODELO: ENERGETIC POWER MC;
;474;9841;INSERVÍVEL;300;300;FORNO MICROONDAS;CAPACIDADE DE 31L 127V COR BRANCA;ELECTROLUX - MODELO: MEF41 - SERIE: 32210520;
;475;9843;INSERVÍVEL;300;300;FORNO MICROONDAS;CAPACIDADE DE 31L 127V COR BRANCA;ELECTROLUX - MODELO: MEF41 - SERIE: 32208101;
;476;9854;INSERVÍVEL;1661,45;926,31;MINI-CENTRAL DE AR CONDICIONADO;18 MIL BTU'S TENSÃO 220V COR BRANCA U EXT: MG3687488;CONSUL - MODELO: CBV18CB - SERIE: MG3709303;
;477;9860;INSERVÍVEL;108;108;CADEIRA FIXA S/BRAÇO;ESTOFADA COR AZUL;NOBRE MÓVEIS;
;478;9862;INSERVÍVEL;108;108;CADEIRA FIXA S/BRAÇO;ESTOFADA COR AZUL;NOBRE MÓVEIS;
;479;9864;INSERVÍVEL;108;108;CADEIRA FIXA S/BRAÇO;ESTOFADA COR AZUL;NOBRE MÓVEIS;
;480;9870;INSERVÍVEL;108;108;CADEIRA FIXA S/BRAÇO;ESTOFADA COR AZUL;NOBRE MÓVEIS;
;481;9875;INSERVÍVEL;108;108;CADEIRA FIXA S/BRAÇO;ESTOFADA COR AZUL;NOBRE MÓVEIS;
;482;9886;INSERVÍVEL;108;108;CADEIRA FIXA S/BRAÇO;ESTOFADA COR AZUL;NOBRE MÓVEIS;
;483;9888;INSERVÍVEL;108;108;CADEIRA FIXA S/BRAÇO;ESTOFADA COR AZUL;NOBRE MÓVEIS;
;484;9893;INSERVÍVEL;108;108;CADEIRA FIXA S/BRAÇO;ESTOFADA COR AZUL;NOBRE MÓVEIS;
;485;9899;INSERVÍVEL;108;108;CADEIRA FIXA S/BRAÇO;ESTOFADA COR AZUL;NOBRE MÓVEIS;
;486;9901;INSERVÍVEL;108;108;CADEIRA FIXA S/BRAÇO;ESTOFADA COR AZUL;NOBRE MÓVEIS;
;487;9907;INSERVÍVEL;108;108;CADEIRA FIXA S/BRAÇO;ESTOFADA COR AZUL;NOBRE MÓVEIS;
;488;9908;INSERVÍVEL;108;108;CADEIRA FIXA S/BRAÇO;ESTOFADA COR AZUL;NOBRE MÓVEIS;
;489;9927;INSERVÍVEL;2089;2089;MICROCOMPUTADOR COM PROCESSADOR;INTEL CORE I3 -3240 (34GHZ, 3MB CACHE), 4GB DE MEMÓRIA RAM, DISCO RÍGIDO DE 320GB;DELL - MODELO: OPTIPLEX 9010 - SERIE: 2VB90Y1;
;490;9948;INSERVÍVEL;140;140;APARELHO TELEFONICO SEM FIO;GIGASET - MODELO: A390 - SERIE: 118042;;
;491;9950;INSERVÍVEL;140;140;APARELHO TELEFONICO SEM FIO;GIGASET - MODELO: A390 - SERIE: 118041;;
;492;9951;INSERVÍVEL;140;140;APARELHO TELEFONICO SEM FIO;GIGASET - MODELO: A390 - SERIE: 118013;;
;493;9953;INSERVÍVEL;300;300;FORNO DE MICROONDAS;110V 60HZ 31 LITROS COR BRANCA;ELECTROLUX - MODELO: MEF41 - SERIE: 34108646;
;494;9963;INSERVÍVEL;108;108;CADEIRA FIXA S/BRAÇO;ESTOFADA COR AZUL;NOBRE MÓVEIS;
;495;9969;INSERVÍVEL;108;108;CADEIRA FIXA S/BRAÇO;ESTOFADA COR AZUL;NOBRE MÓVEIS;
;496;9973;INSERVÍVEL;108;108;CADEIRA FIXA S/BRAÇO;ESTOFADA COR AZUL;NOBRE MÓVEIS;
;497;9976;INSERVÍVEL;108;108;CADEIRA FIXA S/BRAÇO;ESTOFADA COR AZUL;NOBRE MÓVEIS;
;498;9985;INSERVÍVEL;108;108;CADEIRA FIXA S/BRAÇO;ESTOFADA COR AZUL;NOBRE MÓVEIS;
;499;9989;INSERVÍVEL;108;108;CADEIRA FIXA S/BRAÇO;ESTOFADA COR AZUL;NOBRE MÓVEIS;
;500;10038;INSERVÍVEL;2599,3;2599,3;ULTRABOOK COM PROCESSADOR DE DADOS;PROCESSADOR INTEL CORE I5 14 POLEGADAS MEMÓRIA RAM: 4GB HD: 500GB COR PRETA;HP - MODELO: B080BR - SERIE: BRG339FBX1;
;501;10059;INSERVÍVEL;488;48,8;BEBEDOURO DE AGUA TIPO GARRAFAO;DE PÉ COM DUAS TORNEIRAS (COLUNA);ESMALTEC - MODELO: BNCC 7B - SERIE: 05062131021117;
;502;10074;INSERVÍVEL;140,58;61,83;MESA DE USO DIVERSO EM PLASTICO;RETANGULAR, MEDINDO 1,36 X 0,85 X 0,72 M (COMPRIMENTO X LARGURA X ALTURA) COR BRANCA;TRAMONTINA - MODELO: BALI;
;503;10077;INSERVÍVEL;140,58;61,83;MESA DE USO DIVERSO EM PLASTICO;RETANGULAR, MEDINDO 1,36 X 0,85 X 0,72 M (COMPRIMENTO X LARGURA X ALTURA) COR BRANCA;TRAMONTINA - MODELO: BALI;
;504;10079;INSERVÍVEL;140,58;61,83;MESA DE USO DIVERSO EM PLASTICO;RETANGULAR, MEDINDO 1,36 X 0,85 X 0,72 M (COMPRIMENTO X LARGURA X ALTURA) COR BRANCA;TRAMONTINA - MODELO: BALI;
;505;10171;INSERVÍVEL;1990;1990;RELOGIO DE PONTO BIOMETRICO;SISTEMA DE IMPRESSÃO COM CORTE DE PAPEL, RECURSO DE NOBREAK, CALENDÁRIO PERPÉTUO, CAPACIDADE DE CADASTRAMENTO DE INFORMAÇÕES DO EMPREGADOR, LOCAL DE TRABALHO E FUNCIONÁRIOS (1 A 10 DIGITAIS POR PESSOA), HOMOLOGADO DE ACORDO COM A PORTARIA NO 1510/2009 MTE;HENRY - MODELO: SUPERFÁCIL R02 - SERIE: 00004001900024875;
;506;10187;INSERVÍVEL;366;198,25;BALCAO DE ATENDIMENTO LINEAR;EM MDF COR ARGILA;;
;507;10189;INSERVÍVEL;3187;987,74;ULTRABOOK COM PROCESSADOR DE DADOS;INTEL CORE I5, 14 POLEGADAS, MEMÓRIA RAM: 4GB, HD: 32GB SSD + 500GB, COR: PRATA;LG - MODELO: U460 - SERIE: 407BZZD010357;
;508;10201;INSERVÍVEL;3187;987,74;ULTRABOOK COM PROCESSADOR DE DADOS;INTEL CORE I5, 14 POLEGADAS, MEMÓRIA RAM: 4GB, HD: 32GB SSD + 500GB, COR: PRATA;LG - MODELO: U460 - SERIE: 407BZEX010340;
;509;10204;INSERVÍVEL;3187;987,74;ULTRABOOK COM PROCESSADOR DE DADOS;INTEL CORE I5, 14 POLEGADAS, MEMÓRIA RAM: 4GB, HD: 32GB SSD + 500GB, COR: PRATA;LG - MODELO: U460 - SERIE: 407BZYM010354;
;510;10206;INSERVÍVEL;3187;987,74;ULTRABOOK COM PROCESSADOR DE DADOS;INTEL CORE I5, 14 POLEGADAS, MEMÓRIA RAM: 4GB, HD: 32GB SSD + 500GB, COR: PRATA;LG - MODELO: U460 - SERIE: 407BZMV010387;
;511;10208;INSERVÍVEL;3187;987,74;ULTRABOOK COM PROCESSADOR DE DADOS;INTEL CORE I5, 14 POLEGADAS, MEMÓRIA RAM: 4GB, HD: 32GB SSD + 500GB, COR: PRATA;LG - MODELO: U460 - SERIE: 408BZDQ003050;
;512;10212;INSERVÍVEL;3187;987,74;ULTRABOOK COM PROCESSADOR DE DADOS;INTEL CORE I5, 14 POLEGADAS, MEMÓRIA RAM: 4GB, HD: 32GB SSD + 500GB, COR: PRATA;LG - MODELO: U460 - SERIE: 407BZRK010374;
;513;10214;INSERVÍVEL;3187;987,74;ULTRABOOK COM PROCESSADOR DE DADOS;INTEL CORE I5, 14 POLEGADAS, MEMÓRIA RAM: 4GB, HD: 32GB SSD + 500GB, COR: PRATA;LG - MODELO: U460 - SERIE: 407BZVL010423;
;514;10217;INSERVÍVEL;3187;987,74;ULTRABOOK COM PROCESSADOR DE DADOS;INTEL CORE I5, 14 POLEGADAS, MEMÓRIA RAM: 4GB, HD: 32GB SSD + 500GB, COR: PRATA;LG - MODELO: U460 - SERIE: 407BZAH010368;
;515;10222;INSERVÍVEL;3187;987,74;ULTRABOOK COM PROCESSADOR DE DADOS;INTEL CORE I5, 14 POLEGADAS, MEMÓRIA RAM: 4GB, HD: 32GB SSD + 500GB, COR: PRATA;LG - MODELO: U460 - SERIE: 408BZWB003057;
;516;10223;INSERVÍVEL;3187;987,74;ULTRABOOK COM PROCESSADOR DE DADOS;INTEL CORE I5, 14 POLEGADAS, MEMÓRIA RAM: 4GB, HD: 32GB SSD + 500GB, COR: PRATA;LG - MODELO: U460 - SERIE: 408BZSN002998;
;517;10226;INSERVÍVEL;3187;987,74;ULTRABOOK COM PROCESSADOR DE DADOS;INTEL CORE I5, 14 POLEGADAS, MEMÓRIA RAM: 4GB, HD: 32GB SSD + 500GB, COR: PRATA;LG - MODELO: U460 - SERIE: 407BZBJ009245;
;518;10228;INSERVÍVEL;3187;987,74;ULTRABOOK COM PROCESSADOR DE DADOS;INTEL CORE I5, 14 POLEGADAS, MEMÓRIA RAM: 4GB, HD: 32GB SSD + 500GB, COR: PRATA;LG - MODELO: U460 - SERIE: 407BZEX010364;
;519;10231;INSERVÍVEL;3187;987,74;ULTRABOOK COM PROCESSADOR DE DADOS;INTEL CORE I5, 14 POLEGADAS, MEMÓRIA RAM: 4GB, HD: 32GB SSD + 500GB, COR: PRATA;LG - MODELO: U460 - SERIE: 408BZHC003041;
;520;10235;INSERVÍVEL;3187;987,74;ULTRABOOK COM PROCESSADOR DE DADOS;INTEL CORE I5, 14 POLEGADAS, MEMÓRIA RAM: 4GB, HD: 32GB SSD + 500GB, COR: PRATA;LG - MODELO: U460 - SERIE: 408BZAH003056;
;521;10239;INSERVÍVEL;3187;987,74;ULTRABOOK COM PROCESSADOR DE DADOS;INTEL CORE I5, 14 POLEGADAS, MEMÓRIA RAM: 4GB, HD: 32GB SSD + 500GB, COR: PRATA;LG - MODELO: U460 - SERIE: 407BZRK010398;
;522;10247;INSERVÍVEL;3187;987,74;ULTRABOOK COM PROCESSADOR DE DADOS;INTEL CORE I5, 14 POLEGADAS, MEMÓRIA RAM: 4GB, HD: 32GB SSD + 500GB, COR: PRATA;LG - MODELO: U460 - SERIE: 408BZPS003016;
;523;10251;INSERVÍVEL;1874;580,94;NOTEBOOK COM PROCESSADOR;INTEL CORE I5 - 4200M (2,5 GHZ) MEMÓRIA 4GB TELA DE 14,1 POLEGADAS LED FORMATO WIDESCREEN;POSITIVO - SERIE: 1AC97NY86;
;524;10254;INSERVÍVEL;1874;580,94;NOTEBOOK COM PROCESSADOR;INTEL CORE I5 - 4200M (2,5 GHZ) MEMÓRIA 4GB TELA DE 14,1 POLEGADAS LED FORMATO WIDESCREEN;POSITIVO - SERIE: 1AC97NT7M;
;525;10262;INSERVÍVEL;1874;580,94;NOTEBOOK COM PROCESSADOR;INTEL CORE I5 - 4200M (2,5 GHZ) MEMÓRIA 4GB TELA DE 14,1 POLEGADAS LED FORMATO WIDESCREEN;POSITIVO - SERIE: 1AC97NW7V;
;526;10263;INSERVÍVEL;1874;580,94;NOTEBOOK COM PROCESSADOR;INTEL CORE I5 - 4200M (2,5 GHZ) MEMÓRIA 4GB TELA DE 14,1 POLEGADAS LED FORMATO WIDESCREEN;POSITIVO - SERIE: 1AC97NR9Q;
;527;10275;INSERVÍVEL;1874;580,94;NOTEBOOK COM PROCESSADOR;INTEL CORE I5 - 4200M (2,5 GHZ) MEMÓRIA 4GB TELA DE 14,1 POLEGADAS LED FORMATO WIDESCREEN;POSITIVO - SERIE: 1AC97NZ9E;
;528;10279;INSERVÍVEL;1874;580,94;NOTEBOOK COM PROCESSADOR;INTEL CORE I5 - 4200M (2,5 GHZ) MEMÓRIA 4GB TELA DE 14,1 POLEGADAS LED FORMATO WIDESCREEN;POSITIVO - SERIE: 1AC97NG59;
;529;10283;INSERVÍVEL;1874;580,94;NOTEBOOK COM PROCESSADOR;INTEL CORE I5 - 4200M (2,5 GHZ) MEMÓRIA 4GB TELA DE 14,1 POLEGADAS LED FORMATO WIDESCREEN;POSITIVO - SERIE: 1AC97NQ68;
;530;10285;INSERVÍVEL;1874;580,94;NOTEBOOK COM PROCESSADOR;INTEL CORE I5 - 4200M (2,5 GHZ) MEMÓRIA 4GB TELA DE 14,1 POLEGADAS LED FORMATO WIDESCREEN;POSITIVO - SERIE: 1AC97P12Z;
;531;10288;INSERVÍVEL;1874;580,94;NOTEBOOK COM PROCESSADOR;INTEL CORE I5 - 4200M (2,5 GHZ) MEMÓRIA 4GB TELA DE 14,1 POLEGADAS LED FORMATO WIDESCREEN;POSITIVO - SERIE: 1AC97NX6T;
;532;10290;INSERVÍVEL;1874;580,94;NOTEBOOK COM PROCESSADOR;INTEL CORE I5 - 4200M (2,5 GHZ) MEMÓRIA 4GB TELA DE 14,1 POLEGADAS LED FORMATO WIDESCREEN;POSITIVO - SERIE: 1AC97P310;
;533;10291;INSERVÍVEL;1874;580,94;NOTEBOOK COM PROCESSADOR;INTEL CORE I5 - 4200M (2,5 GHZ) MEMÓRIA 4GB TELA DE 14,1 POLEGADAS LED FORMATO WIDESCREEN;POSITIVO - SERIE: 1AC97NQ7D;
;534;10292;INSERVÍVEL;1874;580,94;NOTEBOOK COM PROCESSADOR;INTEL CORE I5 - 4200M (2,5 GHZ) MEMÓRIA 4GB TELA DE 14,1 POLEGADAS LED FORMATO WIDESCREEN;POSITIVO - SERIE: 1AC97NZ74;
;535;10294;INSERVÍVEL;1874;580,94;NOTEBOOK COM PROCESSADOR;INTEL CORE I5 - 4200M (2,5 GHZ) MEMÓRIA 4GB TELA DE 14,1 POLEGADAS LED FORMATO WIDESCREEN;POSITIVO - SERIE: 1AC97NV23;
;536;10298;INSERVÍVEL;1874;580,94;NOTEBOOK COM PROCESSADOR;INTEL CORE I5 - 4200M (2,5 GHZ) MEMÓRIA 4GB TELA DE 14,1 POLEGADAS LED FORMATO WIDESCREEN;POSITIVO - SERIE: 1AC97NZ3K;
;537;10300;INSERVÍVEL;1874;580,94;NOTEBOOK COM PROCESSADOR;INTEL CORE I5 - 4200M (2,5 GHZ) MEMÓRIA 4GB TELA DE 14,1 POLEGADAS LED FORMATO WIDESCREEN;POSITIVO - SERIE: 1AC97NX14;
;538;10301;INSERVÍVEL;1874;580,94;NOTEBOOK COM PROCESSADOR;INTEL CORE I5 - 4200M (2,5 GHZ) MEMÓRIA 4GB TELA DE 14,1 POLEGADAS LED FORMATO WIDESCREEN;POSITIVO - SERIE: 1AC97NT32;
;539;10306;INSERVÍVEL;1874;580,94;NOTEBOOK COM PROCESSADOR;INTEL CORE I5 - 4200M (2,5 GHZ) MEMÓRIA 4GB TELA DE 14,1 POLEGADAS LED FORMATO WIDESCREEN;POSITIVO - SERIE: 1AC97NG9T;
;540;10320;INSERVÍVEL;1874;580,94;NOTEBOOK COM PROCESSADOR;INTEL CORE I5 - 4200M (2,5 GHZ) MEMÓRIA 4GB TELA DE 14,1 POLEGADAS LED FORMATO WIDESCREEN;POSITIVO - SERIE: 1AC97NZ89;
;541;10321;INSERVÍVEL;1874;580,94;NOTEBOOK COM PROCESSADOR;INTEL CORE I5 - 4200M (2,5 GHZ) MEMÓRIA 4GB TELA DE 14,1 POLEGADAS LED FORMATO WIDESCREEN;POSITIVO - SERIE: 1AC97NV38;
;542;10323;INSERVÍVEL;1874;580,94;NOTEBOOK COM PROCESSADOR;INTEL CORE I5 - 4200M (2,5 GHZ) MEMÓRIA 4GB TELA DE 14,1 POLEGADAS LED FORMATO WIDESCREEN;POSITIVO - SERIE: 1AC97P11U;
;543;10325;INSERVÍVEL;1874;580,94;NOTEBOOK COM PROCESSADOR;INTEL CORE I5 - 4200M (2,5 GHZ) MEMÓRIA 4GB TELA DE 14,1 POLEGADAS LED FORMATO WIDESCREEN;POSITIVO - SERIE: 1AC97NR3W;
;544;10381;INSERVÍVEL;577;386,48;NO BREAK ;BIFÁSICO 1,4KVA COM ESTABILIZADOR INTERNO;RAGTECH - MODELO: 1400N - SERIE: 341314240067;
;545;10383;INSERVÍVEL;577;386,48;NO BREAK ;BIFÁSICO 1,4KVA COM ESTABILIZADOR INTERNO;RAGTECH - MODELO: 1400N - SERIE: 341314200061;
;546;10385;INSERVÍVEL;577;386,48;NO BREAK ;BIFÁSICO 1,4KVA COM ESTABILIZADOR INTERNO;RAGTECH - MODELO: 1400N - SERIE: 341314240064;
;547;10388;INSERVÍVEL;577;386,48;NO BREAK ;BIFÁSICO 1,4KVA COM ESTABILIZADOR INTERNO;RAGTECH - MODELO: 1400N - SERIE: 341314440075;
;548;10410;INSERVÍVEL;545,96;242,93;IMPRESSORA LASER;MONOCROMÁTICA IMPRESSÃO EM DUPLEX;SAMSUNG - MODELO: M4020ND - SERIE: ZERAQYBQAFA002AQK;
;549;10446;INSERVÍVEL;577;421,12;NO BREAK ;TRIFÁSICO 1,4 KVA COM ESTABILIZADOR INTERNO E DISPLAY DIGITAL;RAGTECH - MODELO: SWU/BS-TI - SERIE: 3842151303630;
;550;10447;INSERVÍVEL;577;421,12;NO BREAK ;TRIFÁSICO 1,4 KVA COM ESTABILIZADOR INTERNO E DISPLAY DIGITAL;RAGTECH - MODELO: SWU/BS-TI - SERIE: 3842151503250;
;551;10448;INSERVÍVEL;577;421,12;NO BREAK ;TRIFÁSICO 1,4 KVA COM ESTABILIZADOR INTERNO E DISPLAY DIGITAL;RAGTECH - MODELO: SWU/BS-TI - SERIE: 3842150503300;
;552;10449;INSERVÍVEL;577;421,12;NO BREAK ;TRIFÁSICO 1,4 KVA COM ESTABILIZADOR INTERNO E DISPLAY DIGITAL;RAGTECH - MODELO: SWU/BS-TI - SERIE: 3842151303580;
;553;10450;INSERVÍVEL;577;421,12;NO BREAK ;TRIFÁSICO 1,4 KVA COM ESTABILIZADOR INTERNO E DISPLAY DIGITAL;RAGTECH - MODELO: SWU/BS-TI - SERIE: 3842151303620;
;554;10452;INSERVÍVEL;577;421,12;NO BREAK ;TRIFÁSICO 1,4 KVA COM ESTABILIZADOR INTERNO E DISPLAY DIGITAL;RAGTECH - MODELO: SWU/BS-TI - SERIE: 3842150503240;
;555;10454;INSERVÍVEL;577;421,12;NO BREAK ;TRIFÁSICO 1,4 KVA COM ESTABILIZADOR INTERNO E DISPLAY DIGITAL;RAGTECH - MODELO: SWU/BS-TI - SERIE: 3842151303570;
;556;10455;INSERVÍVEL;577;421,12;NO BREAK ;TRIFÁSICO 1,4 KVA COM ESTABILIZADOR INTERNO E DISPLAY DIGITAL;RAGTECH - MODELO: SWU/BS-TI - SERIE: 3842150503270;
;557;10457;INSERVÍVEL;577;421,12;NO BREAK ;TRIFÁSICO 1,4 KVA COM ESTABILIZADOR INTERNO E DISPLAY DIGITAL;RAGTECH - MODELO: SWU/BS-TI - SERIE: 3842150403200;
;558;10458;INSERVÍVEL;577;421,12;NO BREAK ;TRIFÁSICO 1,4 KVA COM ESTABILIZADOR INTERNO E DISPLAY DIGITAL;RAGTECH - MODELO: SWU/BS-TI - SERIE: 3842150503340;
;559;10460;INSERVÍVEL;577;421,12;NO BREAK ;TRIFÁSICO 1,4 KVA COM ESTABILIZADOR INTERNO E DISPLAY DIGITAL;RAGTECH - MODELO: SWU/BS-TI - SERIE: 3842150503320;
;560;10466;INSERVÍVEL;582,81;429,86;MOTO BOMBA CENTRIFUGA;POTÊNCIA DE 1/2 CV 127V 60HZ RECALQUE 3/4;SCHNEIDER - MODELO: ASP-98 - SERIE: 15G87-13-00081A;
;561;10467;INSERVÍVEL;374,9;374,9;FORNO DE MICROONDAS;30 LITROS 127V POTÊNCIA: 1250W COR BRANCA;LG - MODELO: MS3044L - SERIE: 501AZBZBG093;
;562;10471;INSERVÍVEL;154,43;154,43;BANQUETA EM COURVIM;ALTA SEM ENCOSTO COM APOIO PARA PÉS COR PRETA;SHOPPING DO ESCRITOR;
;563;10473;INSERVÍVEL;154,43;154,43;BANQUETA EM COURVIM;ALTA SEM ENCOSTO COM APOIO PARA PÉS COR PRETA;SHOPPING DO ESCRITOR;
;564;10474;INSERVÍVEL;154,43;154,43;BANQUETA EM COURVIM;ALTA SEM ENCOSTO COM APOIO PARA PÉS COR PRETA;SHOPPING DO ESCRITOR;
;565;10475;INSERVÍVEL;154,43;154,43;BANQUETA EM COURVIM;ALTA SEM ENCOSTO COM APOIO PARA PÉS COR PRETA;SHOPPING DO ESCRITOR;
;566;10480;INSERVÍVEL;816,68;314,41;IMPRESSORA TÉRMICA - SERIE: 13011001;ELGIN - MODELO: L42;PARA IMPRESSÃO DE ETIQUETAS ENTRADA USB;
;567;10489;INSERVÍVEL;163;163;CADEIRA FIXA S/BRAÇO;COM ASSENTO E ENCOSTO EM POLIPROPILENO COR PRETA;FLEXFORM - MODELO: MIMI;
;568;10588;INSERVÍVEL;1059,99;646,59;IMPRESSORA LASER;MULTIFUNCIONAL IMPRESSÃO MONOCROMÁTICA EM RESOLUÇÃO 1200 X 1200 DPI MODO DUPLEX INTEGRADO COM FUNÇÕES DE CÓPIA, DIGITALIZAÇÃO E ENVIO DE FAX;LEXMARK - MODELO: MX310DN - SERIE: 701545LM0KT40;
;569;10589;INSERVÍVEL;1059,99;646,59;IMPRESSORA LASER;MULTIFUNCIONAL IMPRESSÃO MONOCROMÁTICA EM RESOLUÇÃO 1200 X 1200 DPI MODO DUPLEX INTEGRADO COM FUNÇÕES DE CÓPIA, DIGITALIZAÇÃO E ENVIO DE FAX;LEXMARK - MODELO: MX310DN - SERIE: 701544LM0K84B;
;570;10592;INSERVÍVEL;1059,99;646,59;IMPRESSORA LASER;MULTIFUNCIONAL IMPRESSÃO MONOCROMÁTICA EM RESOLUÇÃO 1200 X 1200 DPI MODO DUPLEX INTEGRADO COM FUNÇÕES DE CÓPIA, DIGITALIZAÇÃO E ENVIO DE FAX;LEXMARK - MODELO: MX310DN - SERIE: 701544LM0K0PN;
;571;10594;INSERVÍVEL;1059,99;646,59;IMPRESSORA LASER;MULTIFUNCIONAL IMPRESSÃO MONOCROMÁTICA EM RESOLUÇÃO 1200 X 1200 DPI MODO DUPLEX INTEGRADO COM FUNÇÕES DE CÓPIA, DIGITALIZAÇÃO E ENVIO DE FAX;LEXMARK - MODELO: MX310DN - SERIE: 701544LM0K848;
;572;10596;INSERVÍVEL;1059,99;646,59;IMPRESSORA LASER;MULTIFUNCIONAL IMPRESSÃO MONOCROMÁTICA EM RESOLUÇÃO 1200 X 1200 DPI MODO DUPLEX INTEGRADO COM FUNÇÕES DE CÓPIA, DIGITALIZAÇÃO E ENVIO DE FAX;LEXMARK - MODELO: MX310DN - SERIE: 701544LM0K873;
;573;10600;INSERVÍVEL;1059,99;630,69;IMPRESSORA LASER;MULTIFUNCIONAL IMPRESSÃO MONOCROMÁTICA EM RESOLUÇÃO 1200 X 1200 DPI MODO DUPLEX INTEGRADO COM FUNÇÕES DE CÓPIA, DIGITALIZAÇÃO E ENVIO DE FAX;LEXMARK - MODELO: MX310DN - SERIE: 701545LM0KT9Y;
;574;10605;INSERVÍVEL;1900;1387;AUTOMATIZADOR DE PORTAO INDUSTRIAL;TIPO HÍBRIDO POTÊNCIA NOMINAL DE 245W ALIMENTAÇÃO: 220V/127V TRIFÁSICO FREQUÊNCIA 60HZ;CONDOMINIUM - MODELO: JET FLEX;
;575;10606;INSERVÍVEL;0,01;0,01;CENTRAL DE AR CONDICIONADO;60000 BTUS;YORK;
;576;10609;INSERVÍVEL;340;340;NO BREAK ;POTÊNCIA DE 1,4 KVA BIVOLT COM ESTABILIZADOR INTERNO PORTA-FUSÍVEL COM UNIDADE RESERVA;SERRANA - MODELO: PINOT 1400 3Q L/1 - SERIE: 011198;
;577;10616;INSERVÍVEL;340;340;NO BREAK ;POTÊNCIA DE 1,4 KVA BIVOLT COM ESTABILIZADOR INTERNO PORTA-FUSÍVEL COM UNIDADE RESERVA;SERRANA - MODELO: PINOT 1400 3Q L/1 - SERIE: 011571;
;578;10617;INSERVÍVEL;340;340;NO BREAK ;POTÊNCIA DE 1,4 KVA BIVOLT COM ESTABILIZADOR INTERNO PORTA-FUSÍVEL COM UNIDADE RESERVA;SERRANA - MODELO: PINOT 1400 3Q L/1 - SERIE: 011560;
;579;10618;INSERVÍVEL;340;340;NO BREAK ;POTÊNCIA DE 1,4 KVA BIVOLT COM ESTABILIZADOR INTERNO PORTA-FUSÍVEL COM UNIDADE RESERVA;SERRANA - MODELO: PINOT 1400 3Q L/1 - SERIE: 011574;
;580;10624;INSERVÍVEL;340;340;NO BREAK ;POTÊNCIA DE 1,4 KVA BIVOLT COM ESTABILIZADOR INTERNO PORTA-FUSÍVEL COM UNIDADE RESERVA;SERRANA - MODELO: PINOT 1400 3Q L/1 - SERIE: 011572;
;581;10625;INSERVÍVEL;340;340;NO BREAK ;POTÊNCIA DE 1,4 KVA BIVOLT COM ESTABILIZADOR INTERNO PORTA-FUSÍVEL COM UNIDADE RESERVA;SERRANA - MODELO: PINOT 1400 3Q L/1 - SERIE: 011567;
;582;10626;INSERVÍVEL;340;340;NO BREAK ;POTÊNCIA DE 1,4 KVA BIVOLT COM ESTABILIZADOR INTERNO PORTA-FUSÍVEL COM UNIDADE RESERVA;SERRANA - MODELO: PINOT 1400 3Q L/1 - SERIE: 011563;
;583;10628;INSERVÍVEL;340;340;NO BREAK ;POTÊNCIA DE 1,4 KVA BIVOLT COM ESTABILIZADOR INTERNO PORTA-FUSÍVEL COM UNIDADE RESERVA;SERRANA - MODELO: PINOT 1400 3Q L/1 - SERIE: 011566;
;584;10655;INSERVÍVEL;85;85;TECLADO PARA MICROCOMPUTADOR;COM LEITOR DE SMART CARD PADRÃO ABNT 2 USB;HP - MODELO: TOUCH SMART 9100 - SERIE: BDBSP0DGA9V0WB;
;585;10660;INSERVÍVEL;3635;3635;MICROCOMPUTADOR COM PROCESSADOR;INTEL CORE I7-6700T MEMÓRIA: 8GB DDR4 DISCO RÍGIDO DE 1TB;HP - MODELO: ELITEDESK 800 G2 DM;
;586;10662;INSERVÍVEL;85;85;TECLADO PARA MICROCOMPUTADOR;COM LEITOR DE SMART CARD PADRÃO ABNT 2 USB;HP - MODELO: TOUCH SMART 9100 - SERIE: BDBSP0DGA9V2BN;
;587;10680;INSERVÍVEL;732;732;MONITOR DE VIDEO LCD;24 POLEGADAS RESOLUÇÃO MÁXIMA: 1920 X 1080 (FULL HD) 60 HZ COR BRANCA;PHILIPS - MODELO: C240P4QPYEW - SERIE: AU3A1346000123;
;588;10691;INSERVÍVEL;732;732;MONITOR DE VIDEO LCD;24 POLEGADAS RESOLUÇÃO MÁXIMA: 1920 X 1080 (FULL HD) 60 HZ COR BRANCA;PHILIPS - MODELO: C240P4QPYEW - SERIE: AU3A1410000478;
;589;10750;INSERVÍVEL;3214;3214;CENTRAL DE AR CONDICIONADO;TIPO SPLIT POTÊNCIA DE 30 MIL BTU'S TIPO FRIO COM CONTROLE REMOTO SEM FIO VOLTAGEM: 220V COR BRANCA UNIDADE EXTERNA: A16045328115W00249;ELGIN - MODELO: HEFE30B2IA - SERIE: B28475328115N00070;
;590;10751;INSERVÍVEL;1702,14;1702,14;MINI-CENTRAL DE AR CONDICIONADO;TIPO SPLIT POTÊNCIA DE 18 MIL BTU'S TIPO FRIO COM CONTROLE REMOTO SEM FIO VOLTAGEM: 220V COR BRANCA UNIDADE EXTERNA: A16026072606W00204;ELGIN - MODELO: HEFE18B2IA - SERIE: B2B8436072606N01004;
;591;10780;INSERVÍVEL;639,95;639,95;MOTO BOMBA CENTRIFUGA;POTÊNCIA DE 3/4 CV 60HZ RPM 3500 VAZÃO MÁXIMA DE 5,1 M³/H VOLTAGEM 127V;SCHNEIDER - MODELO: BCR-2010 - SERIE: 16G87-08-00146R;
;592;10787;INSERVÍVEL;5992;5992;CENTRAL DE AR CONDICIONADO;POTÊNCIA 60000BTUS COR BRANCA UNIDADE EXTERNA: 03065854 ;ELGIN, 220V -TRIFÁSICO - PEFI60B2NA;ELGIN - MODELO: R-410A - SERIE: 03130264
;593;10789;INSERVÍVEL;5992;5992;CENTRAL DE AR CONDICIONADO;POTÊNCIA: 60000BTUS COR BRANCA UNIDADE EXTERNA: 03065769;ELGIN, 220V - TRIFÁSICO - PEFI60B2NA;ELGIN - MODELO: R-410A - SERIE: 03112778
;594;10812;INSERVÍVEL;2179,99;2179,99;CENTRAL DE AR CONDICIONADO;POTÊNCIA: 24 MIL BTUS CICLO FRIO 220V FREQUÊNCIA 60 HZ (7032 KW) UNIDADE EXTERNA: 03272799;ELGIN - MODELO: HEFE24B2IA - SERIE: 03274520;
;595;10813;INSERVÍVEL;5358;5358;CENTRAL DE AR CONDICIONADO;POTÊNCIA: 48 MIL BTUS CICLO FRIO 220V FREQUÊNCIA 60 HZ (14,06 KW) UNIDADE EXTERNA: 03260091;ELGIN - MODELO: HEFE48B2IA - SERIE: 03276910;
;596;10817;INSERVÍVEL;395;350,29;INTERFONE ;INTERFONE PORTEIRO ELETRÔNICO RESIDENCIAL ECP BIVOLT MONOFONE - PORTEIRO ELETRÔNICO CINZA CLARO;AGL - MODELO: P-20;
;597;10978;INSERVÍVEL;100;100;APARELHO TELEFONICO SEM FIO;COM IDENTIFICADOR DE CHAMADAS DTMF E FSK AGENDA PARA 50 CONTATOS DISPLAY EM CRISTAL LÍQUIDO MODO VIVA VOZ COR PRETA;ELGIN - MODELO: TSF 8001 - SERIE: 50112048105012;
;598;10987;INSERVÍVEL;100;100;APARELHO TELEFONICO SEM FIO;COM IDENTIFICADOR DE CHAMADAS DTMF E FSK AGENDA PARA 50 CONTATOS DISPLAY EM CRISTAL LÍQUIDO MODO VIVA VOZ COR PRETA;ELGIN - MODELO: TSF 8001 - SERIE: 50112048105109;
;599;11006;INSERVÍVEL;100;100;APARELHO TELEFONICO SEM FIO;COM IDENTIFICADOR DE CHAMADAS DTMF E FSK AGENDA PARA 50 CONTATOS DISPLAY EM CRISTAL LÍQUIDO MODO VIVA VOZ COR PRETA;ELGIN - MODELO: TSF 8001 - SERIE: 50112048105014;
;600;11010;INSERVÍVEL;602,35;566,19;IMPRESSORA LASER;MONOCROMÁTICA;SAMSUNG - MODELO: ML-3710ND - SERIE: Z5HABAGBC01805N;
;601;11011;INSERVÍVEL;602,35;566,19;IMPRESSORA LASER;MONOCROMÁTICA;SAMSUNG - MODELO: ML-3710ND - SERIE: Z5HABAGBC01867R;
;602;11015;INSERVÍVEL;602,35;566,19;IMPRESSORA LASER;MONOCROMÁTICA;SAMSUNG - MODELO: ML-3710ND - SERIE: Z5HABAGBC02107E;
;603;11018;INSERVÍVEL;602,35;566,19;IMPRESSORA LASER;MONOCROMÁTICA;SAMSUNG - MODELO: ML-3710ND - SERIE: Z5HABAGBC01401V;
;604;11334;INSERVÍVEL;9999,99;9999,99;BALCAO DE ATENDIMENTO - EM MDF SOB MEDIDA;BALCÃO DE ATENDIMENTO - BALCÃO EM MDF 25MM, COR PRETÓRIA, LINHA DUAL TOUCH OU;;
;605;11343;INSERVÍVEL;680;680;NO BREAK ;POTENCIA 1600VA 8 TOMADASTRIVOLT COR PRETA;RAGTECH - MODELO: EASY WAY - SERIE: 4148182106780;
;606;11352;INSERVÍVEL;278,5;278,5;NO BREAK ;POTENCIA 700VA, 6 TOMADAS, BIVOLT, COR PRETA;TS SHARA - SERIE: 180905057;
;607;11354;INSERVÍVEL;278,5;278,5;NO BREAK ;POTENCIA 700VA, 6 TOMADAS, BIVOLT, COR PRETA;TS SHARA - SERIE: 180905050;
;608;11400;INSERVÍVEL;1177;1177;IMPRESSORA LASER;MULTIFUNCIONAL;SAMSUNG - MODELO: SL-M3375FD - SERIE: ZEROBQAD900207;
;609;11423;INSERVÍVEL;999,8;999,8;IMPRESSORA LASER;MONOCROMÁTICA;SAMSUNG - MODELO: ML-3710ND - SERIE: Z5HABAGBC01036P;
;610;11432;INSERVÍVEL;999,8;999,8;IMPRESSORA LASER;MONOCROMÁTICA;SAMSUNG - MODELO: ML-3710ND - SERIE: Z5HABAGBC01007W;
;611;11435;INSERVÍVEL;602,35;602,35;IMPRESSORA LASER;MONOCROMÁTICA;SAMSUNG - MODELO: ML-3710ND - SERIE: Z5HABAGBC02237V;
;612;11461;INSERVÍVEL;278,5;278,5;NO BREAK ;NOBREAK MARCA TS SHARA MODELO POWERUPS 700 COD 4008 CARACTERÍSTICAS;;
;613;11465;INSERVÍVEL;278,5;278,5;NO BREAK ;NOBREAK MARCA TS SHARA MODELO POWERUPS 700 COD 4008 CARACTERÍSTICAS;;
;614;11746;INSERVÍVEL;894,2;894,2;MONITOR DE VIDEO LCD;MONITOR DELL DE 23 POLEGADAS MODELO P2319H SERVICE TAG H22C2W2;DELL - SERIE: 37130154914;
;615;41486;INSERVÍVEL;1960;1960;NOTEBOOK COM PROCESSADOR;PROCESSADOR INTEL CORE I3 2330M, MEMÓRIA DE 2GB, DISCO RÍGIDO DE 300GB;HP - MODELO: PROBOOK 4430S - SERIE: BRG207F0Q3;
;616;41534;INSERVÍVEL;1960;1960;NOTEBOOK COM PROCESSADOR;PROCESSADOR INTEL CORE I3 2330M, MEMÓRIA DE 2GB, DISCO RÍGIDO DE 300GB;HP - MODELO: PROBOOK 4430S - SERIE: BRG207F0ZT;
;617;43642;INSERVÍVEL;65,8;65,8;MONITOR LCD - CRISTAL LIQUIDO;19 POLEGADAS COR PRETA;DELL - MODELO: E198FPB - SERIE: OG256H7426188UENGL;
;618;43662;INSERVÍVEL;65,8;65,8;MONITOR LCD - CRISTAL LIQUIDO;19 POLEGADAS COR PRETA;DELL - MODELO: E198FPB - SERIE: OG256H7426188UENJL;
;619;46658;INSERVÍVEL;65,8;65,8;MONITOR LCD - CRISTAL LIQUIDO;19 POLEGADAS COR PRETA;HP - MODELO: W1942PEU - SERIE: BRG1110HRJ;
;620;46824;INSERVÍVEL;65,8;65,8;MONITOR LCD - CRISTAL LIQUIDO;19 POLEGADAS COR PRETA;HP - MODELO: W1942PEU - SERIE: BRG1110GZV;
;621;46851;INSERVÍVEL;65,8;65,8;MONITOR LCD - CRISTAL LIQUIDO;19 POLEGADAS COR PRETA;HP - MODELO: W1942PEU - SERIE: BRG1110DP6;
;622;46934;INSERVÍVEL;65,8;65,8;MONITOR LCD - CRISTAL LIQUIDO;19 POLEGADAS COR PRETA;HP - MODELO: W1942PEU - SERIE: BRG1110JXM;
;623;46944;INSERVÍVEL;65,8;65,8;MONITOR LCD - CRISTAL LIQUIDO;19 POLEGADAS COR PRETA;HP - MODELO: W1942PEU - SERIE: BRG1110FFC;
;624;46968;INSERVÍVEL;65,8;65,8;MONITOR LCD - CRISTAL LIQUIDO;19 POLEGADAS COR PRETA;HP - MODELO: W1942PEU - SERIE: BRG1110;
;625;47264;INSERVÍVEL;65,8;65,8;MONITOR LCD - CRISTAL LIQUIDO;19 POLEGADAS COR PRETA;HP - MODELO: W1942PEU - SERIE: BRG1110JZ2;
;626;47934;INSERVÍVEL;528,42;528,42;MICROCOMPUTADOR COM PROCESSADOR;INTEL I5 650 DE 32GHZ MEMÓRIA 4GB DDR3 PC10660 DISCO RÍGIDO DE 500GB GRAVADORA DE CD 48X E DVD 22X DRIVE DE DISQUETE COM BARRAMENTO DE 1333MHZ CAIXA DE SOM INTERNA INTERFACES: 10 USB, 1 E-SATA, 1 DISPLAY E 1 RGB;POSITIVO - MODELO: POST-AT SERIES K (I5PE) - SERIE: 1A339PN2T;
;627;47976;INSERVÍVEL;528,42;528,42;MICROCOMPUTADOR COM PROCESSADOR;INTEL I5 650 DE 32GHZ MEMÓRIA 4GB DDR3 PC10660 DISCO RÍGIDO DE 500GB GRAVADORA DE CD 48X E DVD 22X DRIVE DE DISQUETE COM BARRAMENTO DE 1333MHZ CAIXA DE SOM INTERNA INTERFACES: 10 USB, 1 E-SATA, 1 DISPLAY E 1 RGB;POSITIVO - MODELO: POST-AT SERIES K (I5PE) - SERIE: 1A339Y940;
;628;48341;INSERVÍVEL;528,42;528,42;MICROCOMPUTADOR COM PROCESSADOR;INTEL I5 650 DE 32GHZ MEMÓRIA 4GB DDR3 PC10660 DISCO RÍGIDO DE 500GB GRAVADORA DE CD 48X E DVD 22X DRIVE DE DISQUETE COM BARRAMENTO DE 1333MHZ CAIXA DE SOM INTERNA INTERFACES: 10 USB, 1 E-SATA, 1 DISPLAY E 1 RGB;POSITIVO - MODELO: POST-AT SERIES K (I5PE) - SERIE: 1A335HDOT;
;629;63105;INSERVÍVEL;30,94;30,94;TECLADO PARA MICROCOMPUTADOR;PADRÃO DO TECLADO ABNT2;POSITIVO;
;630;63126;INSERVÍVEL;30,94;30,94;TECLADO PARA MICROCOMPUTADOR;PADRÃO DO TECLADO ABNT2;POSITIVO;
;631;63145;INSERVÍVEL;30,94;30,94;TECLADO PARA MICROCOMPUTADOR;PADRÃO DO TECLADO ABNT2;POSITIVO;
;632;401192;INSERVÍVEL;171,58;171,58;LIVRO - EDICAO: 10ª ;TÍTULO: CÓDIGO PENAL COMENTADO - AUTOR: GULHERME DE SOUZA NUCCI - EDITORA: RT - ANO DE PUBLICACAO: 2010;;
;633;820613;INSERVÍVEL;82,42;8,24;PAR DE CAIXA DE SOM PARA MICROCOMPUTADOR;IBM;;
;634;820617;INSERVÍVEL;82,42;8,24;PAR DE CAIXA DE SOM PARA MICROCOMPUTADOR;IBM;;
;635;820618;INSERVÍVEL;82,42;8,24;PAR DE CAIXA DE SOM PARA MICROCOMPUTADOR;IBM;;
;636;820634;INSERVÍVEL;82,42;8,24;PAR DE CAIXA DE SOM PARA MICROCOMPUTADOR;IBM;;
;637;820936;INSERVÍVEL;1151;115,1;CENTRAL DE ALARME 4 SETORES;;;
;638;820953;INSERVÍVEL;199,5;19,95;BARRACA DE CAMPING;ESTRUTURA EM TUBO DE FERRO, 3X3X2,5 - BRANCA;;
;639;820954;INSERVÍVEL;199,5;19,95;BARRACA DE CAMPING;ESTRUTURA EM TUBO DE FERRO, 3X3X2,5 - BRANCA;;
;640;821151;INSERVÍVEL;2000;200;MICROFONE ;SONY - MODELO: PCS A1;;
;641;821153;INSERVÍVEL;1000;100;CONTROLE REMOTO CODEC;SONY - MODELO: PCS-R1;;
;642;821232;INSERVÍVEL;178,74;178,74;PERSIANA  VERTICAL;MAT DE PVC - COR BEGE - TAM 2,20 X 1,40M;RATTAN - MODELO: ALTO RELEVO;
;643;821234;INSERVÍVEL;178,74;178,74;PERSIANA  VERTICAL;MAT DE PVC - COR BEGE - TAM 2,20 X 1,40M;RATTAN - MODELO: ALTO RELEVO;
;644;821235;INSERVÍVEL;178,76;178,76;PERSIANA  VERTICAL;MAT DE PVC - COR BEGE - TAM 2,20 X 1,40M;RATTAN - MODELO: ALTO RELEVO;
;645;821307;INSERVÍVEL;120,03;120,03;PERSIANA  VERTICAL;MAT DE PVC - COR BEGE - TAM 2,20X1,40M;RATTAN - MODELO: LISA;
;646;821308;INSERVÍVEL;120,03;120,03;PERSIANA  VERTICAL;MAT DE PVC - COR BEGE - TAM 2,20X1,40M;RATTAN - MODELO: LISA;
;647;821309;INSERVÍVEL;120,03;120,03;PERSIANA  VERTICAL;MAT DE PVC - COR BEGE - TAM 2,20X1,40M;RATTAN - MODELO: LISA;
;648;821311;INSERVÍVEL;120,03;120,03;PERSIANA  VERTICAL;MAT DE PVC - COR BEGE - TAM 2,20X1,40M;RATTAN - MODELO: LISA;
;649;821312;INSERVÍVEL;120,03;120,03;PERSIANA  VERTICAL;MAT DE PVC - COR BEGE - TAM 2,20X1,40M;RATTAN - MODELO: LISA;
;650;821313;INSERVÍVEL;120,03;120,03;PERSIANA  VERTICAL;MAT DE PVC - COR BEGE - TAM 2,20X1,40M;RATTAN - MODELO: LISA;
;651;821314;INSERVÍVEL;120,03;120,03;PERSIANA  VERTICAL;MAT DE PVC - COR BEGE - TAM 2,20X1,40M;RATTAN - MODELO: LISA;
;652;821410;INSERVÍVEL;280,5;280,5;PERSIANA  VERTICAL;PVC LISO NA COR BEGE ESCURO, LARGURA DA LÃMINA 90MM, MEDINDO 2,00X1,50;;
;653;821411;INSERVÍVEL;280,5;280,5;PERSIANA  VERTICAL;PVC LISO NA COR BEGE ESCURO, LARGURA DA LÃMINA 90MM, MEDINDO 2,00X1,50;;
;654;821486;INSERVÍVEL;423,4;73,6;SUPORTE PARA TELEVISAO;LCD/PLASMA, TIPO ARTICULÁVEL;VISOGRAF - MODELO: SUPFORCE;
;655;821488;INSERVÍVEL;220,8;220,8;PERSIANA  VERTICAL;EM PVC, MEDINDO 2,67M (LARGURA) X 1,50M (ALTURA);;
;656;821489;INSERVÍVEL;220,8;220,8;PERSIANA  VERTICAL;EM PVC, MEDINDO 2,67M (LARGURA) X 1,50M (ALTURA);;
;657;821490;INSERVÍVEL;190,44;190,44;PERSIANA  VERTICAL;EM PVC, MEDINDO 2,30M (LARGURA) X 1,50M (ALTURA);;
;658;821491;INSERVÍVEL;190,44;190,44;PERSIANA  VERTICAL;EM PVC, MEDINDO 2,30M (LARGURA) X 1,50M (ALTURA);;
;659;821492;INSERVÍVEL;190,44;190,44;PERSIANA  VERTICAL;EM PVC, MEDINDO 2,30M (LARGURA) X 1,50M (ALTURA);;
;660;822053;INSERVÍVEL;114,21;114,21;PERSIANA  VERTICAL;EM PVC MEDIDAS: 1,20M (A) X 1,38M (L);DECORACRE;
;661;822054;INSERVÍVEL;114,21;114,21;PERSIANA  VERTICAL;EM PVC MEDIDAS: 1,20M (A) X 1,38M (L);DECORACRE;
;662;822117;INSERVÍVEL;1653,1;1653,1;DIVISORIA EM FORMICA;ESPESSURA DE 35MM PAINEL CEGO MONTANTES DE ALUMÍNIO ANODIZADO COM PORTA DE MEDIDAS: 130X110CM  FECHADURA  ELÉTRICA COM ACIONAMENTO POR BOTOEIRA E CONTROLE REMOTO;;
;663;60070923;INSERVÍVEL;850;850;KIT BIO LEITOR OTICO DE DIGITAIS;INTEGRATED BIOMETRICS - MODELO: WATSON MINI - SERIE: 150601924;;
;664;60104921;INSERVÍVEL;632,7;632,7;KIT BIO MODULO CENARIO;AKIYAMA - MODELO: AK-MCP 14V - SERIE: 150501922;;
